{
"type": "FeatureCollection",
"name": "geology_ci",
"crs": { "type": "name", "properties": { "name": "urn:ogc:def:crs:OGC:1.3:CRS84" } },
"features": [
{ "type": "Feature", "properties": { "CdIGLG": "Sedimentary: Cretaceous to Quaternary", "CdIHGComb": "U/CSIF-M/VH", "label_fr": "Sédimentaire (Crétacé-Quaternaire)", "description": "Bassin sédimentaire côtier. Sédiments marins et continentaux déposés entre le Crétacé et le Quaternaire.", "age": "Crétacé - Quaternaire (~145 Ma → actuel)", "lithologie": "Grès, argiles, calcaires, sables", "interet_minier": "Pétrole offshore, phosphates, sables minéralisés", "color": "#C8A96E", "aquifere": "Aquifère non-consolidé / semi-consolidé", "aquifere_productivite": "Moyenne à très haute", "aquifere_desc": "Aquifères sédimentaires côtiers. Principal aquifère d'Abidjan." }, "geometry": { "type": "Polygon", "coordinates": [ [ [ -3.241516441275621, 5.405275397119446 ], [ -3.242358503442105, 5.405354647199275 ], [ -3.250072536348419, 5.412375134789656 ], [ -3.241516441275621, 5.405275397119446 ] ] ] } },
{ "type": "Feature", "properties": { "CdIGLG": "Igneous", "CdIHGComb": "I-L", "label_fr": "Roches magmatiques", "description": "Roches issues de la cristallisation de magma (granitoïdes, dolérites). Très répandues dans le socle ouest-africain.", "age": "Birimien (~2100-2000 Ma)", "lithologie": "Granites, granitoïdes, dolérites, rhyolites", "interet_minier": "Or, chrome, nickel, cuivre", "color": "#E8704A", "aquifere": "Aquifère igneux", "aquifere_productivite": "Faible", "aquifere_desc": "Aquifères de fissures dans les roches cristallines. Alimentation des puits en zone rurale." }, "geometry": { "type": "Polygon", "coordinates": [ [ [ -8.166912439802193, 8.363451613353774 ], [ -8.196477452417433, 8.361058836648468 ], [ -8.212422759647581, 8.374544406576597 ], [ -8.206241452126278, 8.389798278145577 ], [ -8.184141451911447, 8.3915982781905 ], [ -8.172441451956352, 8.385198278255508 ], [ -8.156791194303064, 8.375329644225282 ], [ -8.166912439802193, 8.363451613353774 ] ] ] } },
{ "type": "Feature", "properties": { "CdIGLG": "Igneous", "CdIHGComb": "I-L", "label_fr": "Roches magmatiques", "description": "Roches issues de la cristallisation de magma (granitoïdes, dolérites). Très répandues dans le socle ouest-africain.", "age": "Birimien (~2100-2000 Ma)", "lithologie": "Granites, granitoïdes, dolérites, rhyolites", "interet_minier": "Or, chrome, nickel, cuivre", "color": "#E8704A", "aquifere": "Aquifère igneux", "aquifere_productivite": "Faible", "aquifere_desc": "Aquifères de fissures dans les roches cristallines. Alimentation des puits en zone rurale." }, "geometry": { "type": "Polygon", "coordinates": [ [ [ -7.992664284174339, 8.281004931984548 ], [ -8.008063102175328, 8.287199033261324 ], [ -8.028638326142762, 8.311501205393867 ], [ -8.011341452091308, 8.327698277830827 ], [ -7.996841452515962, 8.332598278065639 ], [ -7.985161531724266, 8.326109433655937 ], [ -7.985862212416134, 8.288970666440598 ], [ -7.992664284174339, 8.281004931984548 ] ] ] } },
{ "type": "Feature", "properties": { "CdIGLG": "Igneous", "CdIHGComb": "I-L", "label_fr": "Roches magmatiques", "description": "Roches issues de la cristallisation de magma (granitoïdes, dolérites). Très répandues dans le socle ouest-africain.", "age": "Birimien (~2100-2000 Ma)", "lithologie": "Granites, granitoïdes, dolérites, rhyolites", "interet_minier": "Or, chrome, nickel, cuivre", "color": "#E8704A", "aquifere": "Aquifère igneux", "aquifere_productivite": "Faible", "aquifere_desc": "Aquifères de fissures dans les roches cristallines. Alimentation des puits en zone rurale." }, "geometry": { "type": "Polygon", "coordinates": [ [ [ -7.992641452186216, 8.280898278010625 ], [ -7.992704652942312, 8.280923722529295 ], [ -7.992664284174339, 8.281004931984548 ], [ -7.992617003217056, 8.280927041927029 ], [ -7.992641452186216, 8.280898278010625 ] ] ] } },
{ "type": "Feature", "properties": { "CdIGLG": "Igneous", "CdIHGComb": "I-L", "label_fr": "Roches magmatiques", "description": "Roches issues de la cristallisation de magma (granitoïdes, dolérites). Très répandues dans le socle ouest-africain.", "age": "Birimien (~2100-2000 Ma)", "lithologie": "Granites, granitoïdes, dolérites, rhyolites", "interet_minier": "Or, chrome, nickel, cuivre", "color": "#E8704A", "aquifere": "Aquifère igneux", "aquifere_productivite": "Faible", "aquifere_desc": "Aquifères de fissures dans les roches cristallines. Alimentation des puits en zone rurale." }, "geometry": { "type": "Polygon", "coordinates": [ [ [ -7.992641452186216, 8.280898278010625 ], [ -7.984067273530787, 8.266840613581039 ], [ -7.978279400518812, 8.241321457271951 ], [ -7.9850839660971, 8.233358072969217 ], [ -7.991590830897049, 8.221707684339663 ], [ -8.002677555269827, 8.220828514301999 ], [ -8.00362901011567, 8.221625358376102 ], [ -8.01062494872729, 8.227565471546782 ], [ -8.007841451891423, 8.238898278310465 ], [ -8.005041452046285, 8.250298277920727 ], [ -8.002241452426034, 8.261598278315418 ], [ -7.992641452186216, 8.280898278010625 ] ] ] } },
{ "type": "Feature", "properties": { "CdIGLG": "Igneous", "CdIHGComb": "I-L", "label_fr": "Roches magmatiques", "description": "Roches issues de la cristallisation de magma (granitoïdes, dolérites). Très répandues dans le socle ouest-africain.", "age": "Birimien (~2100-2000 Ma)", "lithologie": "Granites, granitoïdes, dolérites, rhyolites", "interet_minier": "Or, chrome, nickel, cuivre", "color": "#E8704A", "aquifere": "Aquifère igneux", "aquifere_productivite": "Faible", "aquifere_desc": "Aquifères de fissures dans les roches cristallines. Alimentation des puits en zone rurale." }, "geometry": { "type": "Polygon", "coordinates": [ [ [ -8.138488090397949, 8.243399666413971 ], [ -8.14957486243491, 8.242513677042147 ], [ -8.175740006041337, 8.244127809927988 ], [ -8.203346350998203, 8.264106310110641 ], [ -8.211941452381094, 8.278198278280435 ], [ -8.189841452166174, 8.279998277875762 ], [ -8.178441451881429, 8.277198278255511 ], [ -8.166741451701537, 8.270698277980692 ], [ -8.155341452091275, 8.267898278135554 ], [ -8.143941452481013, 8.265098277840821 ], [ -8.13268374540344, 8.258940216670226 ], [ -8.132294865060935, 8.258724632313459 ], [ -8.138488090397949, 8.243399666413971 ] ] ] } },
{ "type": "Feature", "properties": { "CdIGLG": "Igneous", "CdIHGComb": "I-L", "label_fr": "Roches magmatiques", "description": "Roches issues de la cristallisation de magma (granitoïdes, dolérites). Très répandues dans le socle ouest-africain.", "age": "Birimien (~2100-2000 Ma)", "lithologie": "Granites, granitoïdes, dolérites, rhyolites", "interet_minier": "Or, chrome, nickel, cuivre", "color": "#E8704A", "aquifere": "Aquifère igneux", "aquifere_productivite": "Faible", "aquifere_desc": "Aquifères de fissures dans les roches cristallines. Alimentation des puits en zone rurale." }, "geometry": { "type": "Polygon", "coordinates": [ [ [ -7.890770513593242, 8.218546471120291 ], [ -7.904767118552641, 8.23043911732394 ], [ -7.920169360272716, 8.236647371456584 ], [ -7.930136992573061, 8.245112639289431 ], [ -7.924241451826447, 8.264098278265493 ], [ -7.90824145232612, 8.25049827815053 ], [ -7.896241452026281, 8.240298278120591 ], [ -7.880313633911978, 8.226759633128118 ], [ -7.890770513593242, 8.218546471120291 ] ] ] } },
{ "type": "Feature", "properties": { "CdIGLG": "Igneous", "CdIHGComb": "I-L", "label_fr": "Roches magmatiques", "description": "Roches issues de la cristallisation de magma (granitoïdes, dolérites). Très répandues dans le socle ouest-africain.", "age": "Birimien (~2100-2000 Ma)", "lithologie": "Granites, granitoïdes, dolérites, rhyolites", "interet_minier": "Or, chrome, nickel, cuivre", "color": "#E8704A", "aquifere": "Aquifère igneux", "aquifere_productivite": "Faible", "aquifere_desc": "Aquifères de fissures dans les roches cristallines. Alimentation des puits en zone rurale." }, "geometry": { "type": "Polygon", "coordinates": [ [ [ -7.720409476061413, 8.138996327995692 ], [ -7.742354068930052, 8.133569669257412 ], [ -7.754316417313728, 8.143759473898101 ], [ -7.748041451696569, 8.15909827811555 ], [ -7.741541452321115, 8.170698278180495 ], [ -7.731641451736554, 8.186398278235451 ], [ -7.704641452186195, 8.221998277775818 ], [ -7.691241452076319, 8.241598277815775 ], [ -7.681341452391038, 8.257298277870724 ], [ -7.666741451801467, 8.262098277990681 ], [ -7.651641452436003, 8.259598277815805 ], [ -7.643641452236199, 8.252798278095604 ], [ -7.643540638234786, 8.251554912082078 ], [ -7.641545714408121, 8.226950844058763 ], [ -7.64154145184644, 8.22689827801063 ], [ -7.633593708327929, 8.220142695806317 ], [ -7.633541452321118, 8.220098278290429 ], [ -7.650641452186196, 8.200198277905734 ], [ -7.661741452351084, 8.199298277770872 ], [ -7.689341451691561, 8.1710982784153 ], [ -7.68813140488534, 8.155296485222159 ], [ -7.687647165828931, 8.148972888540492 ], [ -7.698168409089728, 8.140727067652527 ], [ -7.720409476061413, 8.138996327995692 ] ] ] } },
{ "type": "Feature", "properties": { "CdIGLG": "Igneous", "CdIHGComb": "I-L", "label_fr": "Roches magmatiques", "description": "Roches issues de la cristallisation de magma (granitoïdes, dolérites). Très répandues dans le socle ouest-africain.", "age": "Birimien (~2100-2000 Ma)", "lithologie": "Granites, granitoïdes, dolérites, rhyolites", "interet_minier": "Or, chrome, nickel, cuivre", "color": "#E8704A", "aquifere": "Aquifère igneux", "aquifere_productivite": "Faible", "aquifere_desc": "Aquifères de fissures dans les roches cristallines. Alimentation des puits en zone rurale." }, "geometry": { "type": "Polygon", "coordinates": [ [ [ -7.890741452001354, 8.218498278250507 ], [ -7.890777594180559, 8.218528999091575 ], [ -7.890770513593242, 8.218546471120291 ], [ -7.890741360270464, 8.218498349971448 ], [ -7.890741452001354, 8.218498278250507 ] ] ] } },
{ "type": "Feature", "properties": { "CdIGLG": "Igneous", "CdIHGComb": "I-L", "label_fr": "Roches magmatiques", "description": "Roches issues de la cristallisation de magma (granitoïdes, dolérites). Très répandues dans le socle ouest-africain.", "age": "Birimien (~2100-2000 Ma)", "lithologie": "Granites, granitoïdes, dolérites, rhyolites", "interet_minier": "Or, chrome, nickel, cuivre", "color": "#E8704A", "aquifere": "Aquifère igneux", "aquifere_productivite": "Faible", "aquifere_desc": "Aquifères de fissures dans les roches cristallines. Alimentation des puits en zone rurale." }, "geometry": { "type": "Polygon", "coordinates": [ [ [ -7.890741452001354, 8.218498278250507 ], [ -7.882141452011343, 8.204298278120625 ], [ -7.873886202631081, 8.193854890743168 ], [ -7.872706645540145, 8.179112890799807 ], [ -7.882928982031828, 8.167166930761745 ], [ -7.931049151542041, 8.163384451483779 ], [ -7.951028657391529, 8.180372091851062 ], [ -7.948441451756555, 8.195298278345405 ], [ -7.896941451931433, 8.203098278315409 ], [ -7.890741452001354, 8.218498278250507 ] ] ] } },
{ "type": "Feature", "properties": { "CdIGLG": "Surface water", "CdIHGComb": "n/a", "label_fr": "Eaux de surface", "description": "Cours d'eau, lacs et lagunes. Principaux fleuves : Bandama, Sassandra, Comoé.", "age": "Quaternaire (actuel)", "lithologie": "Alluvions, sédiments fluviatiles", "interet_minier": "Orpaillage alluvionnaire", "color": "#5B9BD5", "aquifere": "Eaux de surface", "aquifere_productivite": "N/A", "aquifere_desc": "Zone d'eaux de surface, pas d'aquifère caractérisé." }, "geometry": { "type": "Polygon", "coordinates": [ [ [ -3.084506065472464, 5.6809378290951 ], [ -3.068511213466657, 5.666424689300527 ], [ -3.075543884887338, 5.654595574803444 ], [ -3.076399183320571, 5.653645242986116 ], [ -3.082741451726495, 5.646598277965708 ], [ -3.097341452091268, 5.634398278110552 ], [ -3.115910388623405, 5.61727076551098 ], [ -3.119241452076299, 5.614198278280476 ], [ -3.14114145206133, 5.593998277775832 ], [ -3.163941451506652, 5.592798278195509 ], [ -3.163947608040601, 5.59279368895514 ], [ -3.163990226912411, 5.592791575548269 ], [ -3.175018587307893, 5.58459337893381 ], [ -3.177926654636348, 5.583708648387919 ], [ -3.190040291471213, 5.580023277005182 ], [ -3.201066885373343, 5.571826692425404 ], [ -3.216086002412016, 5.567257732635788 ], [ -3.219521511553452, 5.564704051928004 ], [ -3.227086815449059, 5.559080614556244 ], [ -3.238341451566612, 5.554698278255465 ], [ -3.245541451746497, 5.546698278280459 ], [ -3.260741451901389, 5.545998278150506 ], [ -3.277041451746548, 5.568098278365341 ], [ -3.288841451816499, 5.575098278315423 ], [ -3.30884145164157, 5.593298277870772 ], [ -3.312541452071255, 5.629398277985686 ], [ -3.30754145172159, 5.64299827832545 ], [ -3.302720471542436, 5.64835492259413 ], [ -3.300341451766503, 5.650998278300456 ], [ -3.277541451646609, 5.65219827810558 ], [ -3.268941451656598, 5.633498278200484 ], [ -3.252953899447824, 5.619009558821652 ], [ -3.242351132643556, 5.634787426451126 ], [ -3.240876329024328, 5.64010934834532 ], [ -3.239127236677547, 5.646421057563266 ], [ -3.238977805326343, 5.646672559268772 ], [ -3.232101489362154, 5.658245782694237 ], [ -3.234679267179402, 5.671501539641895 ], [ -3.225656459922593, 5.681515839561875 ], [ -3.224027511605293, 5.687399247329957 ], [ -3.222441451956342, 5.693198278230504 ], [ -3.211041451671598, 5.693798278245509 ], [ -3.204658705904478, 5.700793068198095 ], [ -3.203806751150534, 5.701738767607544 ], [ -3.205361408047441, 5.732260897200192 ], [ -3.209749506079756, 5.743514143640304 ], [ -3.214138448800302, 5.754766775618776 ], [ -3.219121969972832, 5.759280744563185 ], [ -3.222136149208815, 5.762010924641999 ], [ -3.222174606242994, 5.762760835122023 ], [ -3.222641451511659, 5.773498278100597 ], [ -3.220641451686618, 5.807998278175582 ], [ -3.230025789103813, 5.84194162465873 ], [ -3.218851254926363, 5.846325440344387 ], [ -3.207636269468189, 5.850725146825575 ], [ -3.196128809641735, 5.847523129566319 ], [ -3.196039099569742, 5.847498167758765 ], [ -3.196025597148516, 5.847494410616079 ], [ -3.157778596050292, 5.845624781236232 ], [ -3.153382468196281, 5.834370047092563 ], [ -3.145378152824435, 5.827125195024252 ], [ -3.14839821047897, 5.811665113406768 ], [ -3.150050750711447, 5.769490135314037 ], [ -3.139910726243983, 5.720257810427142 ], [ -3.142553225795691, 5.697166046628254 ], [ -3.130558506314923, 5.686287811410928 ], [ -3.111339227068616, 5.683423271943965 ], [ -3.084506065472464, 5.6809378290951 ] ], [ [ -3.15807719520636, 5.646057439199488 ], [ -3.158800536115841, 5.667176488604142 ], [ -3.177702566919876, 5.671223552924694 ], [ -3.181848136682103, 5.667409079365548 ], [ -3.193541451976373, 5.656598277788312 ], [ -3.197441451961375, 5.632998277648412 ], [ -3.180561857943381, 5.619514578534989 ], [ -3.15807719520636, 5.646057439199488 ] ] ] } },
{ "type": "Feature", "properties": { "CdIGLG": "Sedimentary: Cretaceous to Quaternary", "CdIHGComb": "U/CSIF-M/VH", "label_fr": "Sédimentaire (Crétacé-Quaternaire)", "description": "Bassin sédimentaire côtier. Sédiments marins et continentaux déposés entre le Crétacé et le Quaternaire.", "age": "Crétacé - Quaternaire (~145 Ma → actuel)", "lithologie": "Grès, argiles, calcaires, sables", "interet_minier": "Pétrole offshore, phosphates, sables minéralisés", "color": "#C8A96E", "aquifere": "Aquifère non-consolidé / semi-consolidé", "aquifere_productivite": "Moyenne à très haute", "aquifere_desc": "Aquifères sédimentaires côtiers. Principal aquifère d'Abidjan." }, "geometry": { "type": "Polygon", "coordinates": [ [ [ -3.250072536348419, 5.412375134789656 ], [ -3.242358503442105, 5.405354647199275 ], [ -3.252824863776343, 5.3857287466844 ], [ -3.268025640271027, 5.384990827764476 ], [ -3.279051491333234, 5.376809881271079 ], [ -3.290263406730759, 5.372443224874964 ], [ -3.308699240677409, 5.360082323040778 ], [ -3.319909011191818, 5.355716997641309 ], [ -3.322032158557292, 5.321219012947161 ], [ -3.313693071677864, 5.306334213253379 ], [ -3.297757984343402, 5.291812900644921 ], [ -3.282377349734894, 5.288729248556045 ], [ -3.270425889443157, 5.277834551023737 ], [ -3.261538490408938, 5.251499788084779 ], [ -3.241623197952187, 5.233333476458768 ], [ -3.240891035592735, 5.218074958992169 ], [ -3.248124599370744, 5.210085006018261 ], [ -3.255175505445123, 5.198281360996056 ], [ -3.278151914779009, 5.201014138991333 ], [ -3.301125411208755, 5.203745202878814 ], [ -3.312153935056067, 5.195577683263515 ], [ -3.319019170698173, 5.179965677374206 ], [ -3.336600889719282, 5.185015374260182 ], [ -3.350717045605084, 5.189191795265124 ], [ -3.369295301586789, 5.196681684711997 ], [ -3.384664060647818, 5.199769883773186 ], [ -3.396235685528431, 5.203038117215371 ], [ -3.407990281975831, 5.210116343794276 ], [ -3.41956082632105, 5.213382893255954 ], [ -3.431130758677497, 5.216648738098868 ], [ -3.4463109865627, 5.215922399749047 ], [ -3.480645428643619, 5.218096077771783 ], [ -3.503224028266199, 5.213196134643916 ], [ -3.533385026997365, 5.207932813248746 ], [ -3.552532271447145, 5.210830190111267 ], [ -3.568255007262749, 5.221522244755768 ], [ -3.580000660402099, 5.228587991892304 ], [ -3.599514410961252, 5.239092707862191 ], [ -3.603862483766612, 5.250327684125374 ], [ -3.604978381447093, 5.273163571241845 ], [ -3.602119213630811, 5.292377627225797 ], [ -3.595096130781755, 5.304164802963307 ], [ -3.592052624429037, 5.319574393943157 ], [ -3.589010356442795, 5.33498459106606 ], [ -3.586157361572933, 5.354201770395413 ], [ -3.571739847815675, 5.370171237013032 ], [ -3.564908120013715, 5.385770656890372 ], [ -3.576475756400971, 5.389018275622981 ], [ -3.61060751242675, 5.38733956421958 ], [ -3.618569642175245, 5.394577482514869 ], [ -3.624068488369986, 5.428639752422633 ], [ -3.624829560335879, 5.443861407128303 ], [ -3.629193351042264, 5.455089275599619 ], [ -3.650990429464734, 5.434935256756653 ], [ -3.656201566349232, 5.425141661258699 ], [ -3.66539392279131, 5.418965532033681 ], [ -3.676576115145519, 5.414598248810172 ], [ -3.69116785366344, 5.402436089054341 ], [ -3.698368462234708, 5.394453871598969 ], [ -3.701589634154217, 5.382855842173406 ], [ -3.704811439196526, 5.371258283542979 ], [ -3.715612781704497, 5.35928810746028 ], [ -3.726791484689201, 5.35492535052456 ], [ -3.755665093569199, 5.353785977390942 ], [ -3.762405086025883, 5.383663046212661 ], [ -3.751609229382385, 5.395632363442814 ], [ -3.752370172745195, 5.410841799959172 ], [ -3.776437261870097, 5.436325873490333 ], [ -3.780799592527156, 5.447542062466326 ], [ -3.785162775741441, 5.458757625064344 ], [ -3.793507157379366, 5.473584243118353 ], [ -3.805448391929694, 5.484420149720222 ], [ -3.806026341272567, 5.49582324543146 ], [ -3.79897599998738, 5.503650649110725 ], [ -3.798841452415985, 5.503798278220458 ], [ -3.794950542778302, 5.507049585747311 ], [ -3.784261109207737, 5.515972772403018 ], [ -3.768141536747432, 5.497725795186803 ], [ -3.748426397405208, 5.483466746470718 ], [ -3.736865985721632, 5.48023308004516 ], [ -3.649490177774389, 5.480783255820143 ], [ -3.631566504360567, 5.464508208339687 ], [ -3.631560126143857, 5.464515282631773 ], [ -3.631541451721493, 5.464498278025609 ], [ -3.622541452171252, 5.474498277825745 ], [ -3.619341452091312, 5.486098277890783 ], [ -3.619841451766487, 5.497498278175527 ], [ -3.612641451811488, 5.50549827837542 ], [ -3.604583191506055, 5.507566708514318 ], [ -3.593945968976225, 5.510259874745948 ], [ -3.5831419554818, 5.522247163128576 ], [ -3.560571549582253, 5.527191463292979 ], [ -3.541600290765739, 5.528139221700286 ], [ -3.534703887319473, 5.521880022097847 ], [ -3.53362749056117, 5.520903080465274 ], [ -3.531585251603047, 5.520497719371782 ], [ -3.518256661260871, 5.517852147511093 ], [ -3.506488508207944, 5.510803006805894 ], [ -3.506452304874902, 5.510804808147903 ], [ -3.503984558885215, 5.510927588090205 ], [ -3.48744279429441, 5.511798207373893 ], [ -3.486915939963581, 5.512190023328507 ], [ -3.476506590351796, 5.519931350404057 ], [ -3.47041414236871, 5.52231233429935 ], [ -3.465241452176176, 5.524298278395364 ], [ -3.460943996812965, 5.524524459688614 ], [ -3.453920527255466, 5.524873973107887 ], [ -3.442339324145443, 5.521630833448754 ], [ -3.437587735430597, 5.502770339856788 ], [ -3.437015968057416, 5.491340724447376 ], [ -3.425054653894094, 5.480474175020696 ], [ -3.409866236782349, 5.48122474807623 ], [ -3.397904439683114, 5.470353001242508 ], [ -3.396578634841024, 5.443677210212627 ], [ -3.384619452970355, 5.432803686993111 ], [ -3.384563067276641, 5.432817911794714 ], [ -3.376283340148994, 5.434906732037625 ], [ -3.365753896869755, 5.437595100610892 ], [ -3.363520376609014, 5.439253988932975 ], [ -3.354769975798671, 5.445777014550146 ], [ -3.350350327750334, 5.452343539475287 ], [ -3.344162687203195, 5.461536870782446 ], [ -3.33257709720019, 5.458284680346289 ], [ -3.320990901953508, 5.455031777647001 ], [ -3.313014785948504, 5.447779016940586 ], [ -3.303419583591843, 5.442020050162732 ], [ -3.30123929240434, 5.440711455646692 ], [ -3.298529558637192, 5.439950169417351 ], [ -3.289641451836506, 5.437498277800763 ], [ -3.281364098918932, 5.437861319721648 ], [ -3.278241452226155, 5.437998278150509 ], [ -3.277653370251748, 5.437469004643354 ], [ -3.270241452026262, 5.430798277970624 ], [ -3.267843435870837, 5.421306130725874 ], [ -3.266212714090383, 5.421060753628389 ], [ -3.258310766073929, 5.419871738367561 ], [ -3.251875489107508, 5.414015806236982 ], [ -3.250334559237405, 5.412613600389903 ], [ -3.250072536348419, 5.412375134789656 ] ] ] } },
{ "type": "Feature", "properties": { "CdIGLG": "Sedimentary: Cretaceous to Quaternary", "CdIHGComb": "U/CSIF-M/VH", "label_fr": "Sédimentaire (Crétacé-Quaternaire)", "description": "Bassin sédimentaire côtier. Sédiments marins et continentaux déposés entre le Crétacé et le Quaternaire.", "age": "Crétacé - Quaternaire (~145 Ma → actuel)", "lithologie": "Grès, argiles, calcaires, sables", "interet_minier": "Pétrole offshore, phosphates, sables minéralisés", "color": "#C8A96E", "aquifere": "Aquifère non-consolidé / semi-consolidé", "aquifere_productivite": "Moyenne à très haute", "aquifere_desc": "Aquifères sédimentaires côtiers. Principal aquifère d'Abidjan." }, "geometry": { "type": "Polygon", "coordinates": [ [ [ -3.873424269344433, 5.47719441497528 ], [ -3.872846452201944, 5.46579624550035 ], [ -3.856931889195319, 5.451357112041151 ], [ -3.840634959635608, 5.429314256098124 ], [ -3.800854900882872, 5.393191548101505 ], [ -3.79053064062656, 5.376554755297754 ], [ -3.791950184503317, 5.366957538010027 ], [ -3.780018775046351, 5.356113956593866 ], [ -3.768276681423682, 5.349070504100524 ], [ -3.756534350379908, 5.342025767375354 ], [ -3.752180113621289, 5.330805008944061 ], [ -3.744038313267467, 5.319769427217309 ], [ -3.732484451346313, 5.316523853093365 ], [ -3.708624618181538, 5.294816776573008 ], [ -3.707502016504854, 5.271995903188397 ], [ -3.718681917836225, 5.267639258045349 ], [ -3.730234660101456, 5.270888910145118 ], [ -3.757126226144397, 5.277201227754531 ], [ -3.772464446476992, 5.280263587494638 ], [ -3.784014190402512, 5.283510099611462 ], [ -3.799162647937809, 5.28276930555905 ], [ -3.807111810361757, 5.290000981660022 ], [ -3.822258218342039, 5.289259032878142 ], [ -3.833993162354471, 5.29630325609044 ], [ -3.845539532923109, 5.299546051309278 ], [ -3.861814305885463, 5.321600856993946 ], [ -3.866167136104398, 5.332813239139711 ], [ -3.87411687949038, 5.340038445517877 ], [ -3.89304312184256, 5.339103040872672 ], [ -3.904018811418958, 5.330944179030624 ], [ -3.915183136492534, 5.326584678540158 ], [ -3.930130704368523, 5.322038639771442 ], [ -3.971560052754214, 5.316184231317244 ], [ -3.982719231906945, 5.31182624798295 ], [ -4.001442230174717, 5.3070947060558 ], [ -4.031507713709953, 5.30180260410696 ], [ -4.08462916960049, 5.302976655548271 ], [ -4.107498684616534, 5.305645832589178 ], [ -4.130365179709244, 5.308313260448656 ], [ -4.149450004014504, 5.311166899233044 ], [ -4.228972913868883, 5.311006821707494 ], [ -4.226533832420337, 5.337730965911376 ], [ -4.223331481962283, 5.349292644290145 ], [ -4.22883784648938, 5.383220050065248 ], [ -4.227184371411546, 5.425108713696154 ], [ -4.22398798508739, 5.436672337043731 ], [ -4.209070577315149, 5.441229114409659 ], [ -4.197929993219557, 5.445594856195164 ], [ -4.186788561512827, 5.449960989185783 ], [ -4.171479561502483, 5.44693489011064 ], [ -4.152389960673069, 5.444098949984088 ], [ -4.137078119704412, 5.441070609798359 ], [ -4.12554509619914, 5.437850365079832 ], [ -4.074299592597047, 5.437222932369956 ], [ -4.064860084470251, 5.43710735847035 ], [ -4.059834785292043, 5.437996484227902 ], [ -4.034741452126195, 5.442498278150516 ], [ -4.023641451961307, 5.446798278370409 ], [ -4.022789711021307, 5.447429340968853 ], [ -4.001719076843862, 5.463120860416922 ], [ -3.99233266828794, 5.477105781384239 ], [ -3.991141452161223, 5.47889827838538 ], [ -3.987941550332202, 5.490497921419475 ], [ -3.987941452306082, 5.490498278450325 ], [ -3.988441451981345, 5.501898278060587 ], [ -3.977541452046257, 5.509998278375335 ], [ -3.970341452540943, 5.517998278350341 ], [ -3.969744693907412, 5.51802980520889 ], [ -3.943886452942419, 5.519340353951748 ], [ -3.912055153267652, 5.49048633275558 ], [ -3.900698357987725, 5.491058832176876 ], [ -3.888761585648531, 5.480234130678163 ], [ -3.873424269344433, 5.47719441497528 ] ] ] } },
{ "type": "Feature", "properties": { "CdIGLG": "Sedimentary: Cretaceous to Quaternary", "CdIHGComb": "U/CSIF-M/VH", "label_fr": "Sédimentaire (Crétacé-Quaternaire)", "description": "Bassin sédimentaire côtier. Sédiments marins et continentaux déposés entre le Crétacé et le Quaternaire.", "age": "Crétacé - Quaternaire (~145 Ma → actuel)", "lithologie": "Grès, argiles, calcaires, sables", "interet_minier": "Pétrole offshore, phosphates, sables minéralisés", "color": "#C8A96E", "aquifere": "Aquifère non-consolidé / semi-consolidé", "aquifere_productivite": "Moyenne à très haute", "aquifere_desc": "Aquifères sédimentaires côtiers. Principal aquifère d'Abidjan." }, "geometry": { "type": "Polygon", "coordinates": [ [ [ -3.806026341272567, 5.49582324543146 ], [ -3.805448391929694, 5.484420149720222 ], [ -3.793507157379366, 5.473584243118353 ], [ -3.785162775741441, 5.458757625064344 ], [ -3.780799592527156, 5.447542062466326 ], [ -3.776437261870097, 5.436325873490333 ], [ -3.752370172745195, 5.410841799959172 ], [ -3.751609229382385, 5.395632363442814 ], [ -3.762405086025883, 5.383663046212661 ], [ -3.755665093569199, 5.353785977390942 ], [ -3.726791484689201, 5.35492535052456 ], [ -3.715612781704497, 5.35928810746028 ], [ -3.704811439196526, 5.371258283542979 ], [ -3.701589634154217, 5.382855842173406 ], [ -3.698368462234708, 5.394453871598969 ], [ -3.69116785366344, 5.402436089054341 ], [ -3.676576115145519, 5.414598248810172 ], [ -3.66539392279131, 5.418965532033681 ], [ -3.656201566349232, 5.425141661258699 ], [ -3.650990429464734, 5.434935256756653 ], [ -3.629193351042264, 5.455089275599619 ], [ -3.624829560335879, 5.443861407128303 ], [ -3.624068488369986, 5.428639752422633 ], [ -3.618569642175245, 5.394577482514869 ], [ -3.61060751242675, 5.38733956421958 ], [ -3.576475756400971, 5.389018275622981 ], [ -3.564908120013715, 5.385770656890372 ], [ -3.571739847815675, 5.370171237013032 ], [ -3.586157361572933, 5.354201770395413 ], [ -3.589010356442795, 5.33498459106606 ], [ -3.592052624429037, 5.319574393943157 ], [ -3.595096130781755, 5.304164802963307 ], [ -3.602119213630811, 5.292377627225797 ], [ -3.604978381447093, 5.273163571241845 ], [ -3.603862483766612, 5.250327684125374 ], [ -3.599514410961252, 5.239092707862191 ], [ -3.580000660402099, 5.228587991892304 ], [ -3.568255007262749, 5.221522244755768 ], [ -3.552532271447145, 5.210830190111267 ], [ -3.533385026997365, 5.207932813248746 ], [ -3.503224028266199, 5.213196134643916 ], [ -3.480645428643619, 5.218096077771783 ], [ -3.4463109865627, 5.215922399749047 ], [ -3.431130758677497, 5.216648738098868 ], [ -3.41956082632105, 5.213382893255954 ], [ -3.407990281975831, 5.210116343794276 ], [ -3.396235685528431, 5.203038117215371 ], [ -3.384664060647818, 5.199769883773186 ], [ -3.369295301586789, 5.196681684711997 ], [ -3.350717045605084, 5.189191795265124 ], [ -3.336600889719282, 5.185015374260182 ], [ -3.320286390104826, 5.157233728054152 ], [ -3.315971921366994, 5.135522597389929 ], [ -3.388427387513953, 5.11937417557774 ], [ -3.407586200842477, 5.122289536632884 ], [ -3.441921606996484, 5.124485877121565 ], [ -3.453486486512119, 5.127757090017681 ], [ -3.465232878894181, 5.134836973147834 ], [ -3.487995115582049, 5.133757689565776 ], [ -3.495946609048733, 5.141015072787354 ], [ -3.511119050603689, 5.140294346207163 ], [ -3.545434533177133, 5.142479160984522 ], [ -3.557359518327058, 5.153359213956598 ], [ -3.56891809179643, 5.156623669346871 ], [ -3.580292674767055, 5.156080811580217 ], [ -3.588242182530671, 5.163331667522463 ], [ -3.599799154307487, 5.166594148900934 ], [ -3.649074404060443, 5.164235314408316 ], [ -3.660259528654258, 5.159885867438881 ], [ -3.690388882940582, 5.154629182590675 ], [ -3.705727320459445, 5.157706376648015 ], [ -3.717276397088082, 5.160964438757894 ], [ -3.729009256471954, 5.168024827283986 ], [ -3.740372681553922, 5.167478438778971 ], [ -3.7557072591826, 5.170552068822964 ], [ -3.767438439532317, 5.17760925576259 ], [ -3.778984286695458, 5.180863350063547 ], [ -3.790344368098136, 5.180315195290063 ], [ -3.801888821311966, 5.183568151049307 ], [ -3.817775263417605, 5.198039996448685 ], [ -3.829318641941764, 5.201290543823596 ], [ -3.840675475892446, 5.200740068799192 ], [ -3.852403521205488, 5.207789502683468 ], [ -3.871514794572089, 5.210670087854304 ], [ -3.886839646032808, 5.213733416164253 ], [ -3.898565761400757, 5.220778871447791 ], [ -3.910104753031845, 5.224024431182627 ], [ -3.936590151514224, 5.222732711545419 ], [ -3.948313854900448, 5.229774234093661 ], [ -3.959768634015198, 5.229291621910825 ], [ -3.975355424713062, 5.239871095374767 ], [ -3.980453388213206, 5.266264172153797 ], [ -3.954538439597282, 5.278957510180959 ], [ -3.943000108068478, 5.275717776254403 ], [ -3.920297713168935, 5.276832855551923 ], [ -3.908569230785336, 5.269792913112433 ], [ -3.889459051893734, 5.266921390409884 ], [ -3.874131934141417, 5.263863297952838 ], [ -3.862588923440008, 5.260619120476051 ], [ -3.828330343670366, 5.258483486024097 ], [ -3.812998142050589, 5.255421687460966 ], [ -3.797664713755516, 5.252358870865244 ], [ -3.786117151585216, 5.249110686908772 ], [ -3.770595097685586, 5.242244007854701 ], [ -3.759419018472926, 5.246598503618046 ], [ -3.752403348735506, 5.258374049322974 ], [ -3.757126226144397, 5.277201227754531 ], [ -3.730234660101456, 5.270888910145118 ], [ -3.718681917836225, 5.267639258045349 ], [ -3.707502016504854, 5.271995903188397 ], [ -3.708624618181538, 5.294816776573008 ], [ -3.732484451346313, 5.316523853093365 ], [ -3.744038313267467, 5.319769427217309 ], [ -3.752180113621289, 5.330805008944061 ], [ -3.756534350379908, 5.342025767375354 ], [ -3.768276681423682, 5.349070504100524 ], [ -3.780018775046351, 5.356113956593866 ], [ -3.791950184503317, 5.366957538010027 ], [ -3.79053064062656, 5.376554755297754 ], [ -3.800854900882872, 5.393191548101505 ], [ -3.840634959635608, 5.429314256098124 ], [ -3.856931889195319, 5.451357112041151 ], [ -3.872846452201944, 5.46579624550035 ], [ -3.873424269344433, 5.47719441497528 ], [ -3.858856719906672, 5.489356846318934 ], [ -3.847689074536081, 5.493728316785884 ], [ -3.846341622113108, 5.495224480203127 ], [ -3.840441451881432, 5.501698277830791 ], [ -3.83495845961011, 5.501988767844878 ], [ -3.82535126479398, 5.502472395137403 ], [ -3.806026341272567, 5.49582324543146 ] ] ] } },
{ "type": "Feature", "properties": { "CdIGLG": "Sedimentary: Cretaceous to Quaternary", "CdIHGComb": "U/CSIF-M/VH", "label_fr": "Sédimentaire (Crétacé-Quaternaire)", "description": "Bassin sédimentaire côtier. Sédiments marins et continentaux déposés entre le Crétacé et le Quaternaire.", "age": "Crétacé - Quaternaire (~145 Ma → actuel)", "lithologie": "Grès, argiles, calcaires, sables", "interet_minier": "Pétrole offshore, phosphates, sables minéralisés", "color": "#C8A96E", "aquifere": "Aquifère non-consolidé / semi-consolidé", "aquifere_productivite": "Moyenne à très haute", "aquifere_desc": "Aquifères sédimentaires côtiers. Principal aquifère d'Abidjan." }, "geometry": { "type": "Polygon", "coordinates": [ [ [ -4.272743631043646, 5.437690124084959 ], [ -4.271926443150825, 5.411444470286149 ], [ -4.282674670799441, 5.399502970885457 ], [ -4.293229589174135, 5.383773814809707 ], [ -4.29245850415661, 5.368617270120978 ], [ -4.295080124597966, 5.345692619918474 ], [ -4.302054889571455, 5.333946544097763 ], [ -4.301479968725502, 5.322579726773043 ], [ -4.30468087352352, 5.311024005053888 ], [ -4.319015393345676, 5.29511439911029 ], [ -4.337886661939866, 5.294171448253778 ], [ -4.352790971526105, 5.289629087712299 ], [ -4.364684971434279, 5.300425385922843 ], [ -4.376196178510799, 5.303645589272506 ], [ -4.394295278404364, 5.287553349007908 ], [ -4.405803944896075, 5.290773251983978 ], [ -4.432399543604021, 5.293235934790637 ], [ -4.435405773057926, 5.277904261072763 ], [ -4.438604146264296, 5.266358785329672 ], [ -4.445765085290404, 5.258410913432961 ], [ -4.468199684567736, 5.253495493422299 ], [ -4.487242406212083, 5.256337697326884 ], [ -4.51005270626737, 5.258989770161826 ], [ -4.532859932439909, 5.261640091117322 ], [ -4.544358115534624, 5.264856055062872 ], [ -4.559241062624913, 5.260316947369247 ], [ -4.574122468277292, 5.255778317215587 ], [ -4.585234666846333, 5.251429182310929 ], [ -4.600113382626475, 5.24689148205627 ], [ -4.652655136425349, 5.240463857421062 ], [ -4.664144251655827, 5.24367632929917 ], [ -4.698223755721692, 5.245751273902151 ], [ -4.709134350569816, 5.237625090725395 ], [ -4.743011695133564, 5.235920012098923 ], [ -4.754110561253327, 5.231573703763466 ], [ -4.771968121231712, 5.211740121009811 ], [ -4.778919698984879, 5.200030823863429 ], [ -4.789824898800049, 5.191910716956116 ], [ -4.805447135376944, 5.202484912748517 ], [ -4.817115737301375, 5.209469826571322 ], [ -4.835923221479415, 5.208523162414032 ], [ -4.851927624959945, 5.2266414628333 ], [ -4.860026695825287, 5.237586494521118 ], [ -4.871887093914179, 5.248339681031496 ], [ -4.883747808564515, 5.259090933100119 ], [ -4.884521663493896, 5.274188246190647 ], [ -4.870254354954501, 5.290052033025027 ], [ -4.859165298639617, 5.294401746643381 ], [ -4.848269503035102, 5.302527101094874 ], [ -4.837178777578504, 5.30687792312775 ], [ -4.826087193269274, 5.311229158398952 ], [ -4.815189104393585, 5.319356865477076 ], [ -4.804290346422274, 5.327485537527565 ], [ -4.793390917556778, 5.335615172752128 ], [ -4.77217539158104, 5.363208736094293 ], [ -4.765233844416322, 5.374926354667593 ], [ -4.76244851318835, 5.394006328029654 ], [ -4.767390334626192, 5.416476171722991 ], [ -4.748764871446603, 5.42122449296852 ], [ -4.740842466776357, 5.414057043075637 ], [ -4.73858751814436, 5.417865568293855 ], [ -4.733846365162503, 5.425790066136223 ], [ -4.726484490611643, 5.42723584503576 ], [ -4.707741452076291, 5.430898278085571 ], [ -4.704339685273201, 5.427839546210677 ], [ -4.695841451891397, 5.420198278380369 ], [ -4.654421794600033, 5.42229421248549 ], [ -4.645015859963891, 5.429313860823555 ], [ -4.643513677159433, 5.430434940172823 ], [ -4.635138237884334, 5.43086567676206 ], [ -4.632211309074524, 5.431016204611716 ], [ -4.621104229221778, 5.435378218482533 ], [ -4.610192567777688, 5.443521812758966 ], [ -4.599870049732907, 5.463010661090728 ], [ -4.588367221639849, 5.459811851713077 ], [ -4.583338922323282, 5.465408591585785 ], [ -4.577650324347943, 5.471740276545056 ], [ -4.56511745167894, 5.47558069464592 ], [ -4.562751779416057, 5.476295159246732 ], [ -4.551263726284876, 5.473100710007294 ], [ -4.55125230579419, 5.473101298163925 ], [ -4.495140089688348, 5.475990101114824 ], [ -4.483390641409862, 5.47659574235216 ], [ -4.47952108167749, 5.480902921185404 ], [ -4.476240960996464, 5.48455399872055 ], [ -4.464728829416892, 5.48135145445859 ], [ -4.452798819754694, 5.485005113272933 ], [ -4.449841452266107, 5.485898278335377 ], [ -4.438464540276193, 5.486497063141471 ], [ -4.408334209326231, 5.488045210295766 ], [ -4.39681734641329, 5.484840004040514 ], [ -4.381134240797518, 5.474251688217365 ], [ -4.369420610043001, 5.467257123095337 ], [ -4.353737007326913, 5.45666646543755 ], [ -4.342217809774024, 5.453456610811543 ], [ -4.326922819177664, 5.450438421273695 ], [ -4.30449838943408, 5.44785238902908 ], [ -4.304058681432871, 5.44780031828261 ], [ -4.28877706757747, 5.444782991194607 ], [ -4.272743631043646, 5.437690124084959 ] ] ] } },
{ "type": "Feature", "properties": { "CdIGLG": "Sedimentary: Cretaceous to Quaternary", "CdIHGComb": "U/CSIF-M/VH", "label_fr": "Sédimentaire (Crétacé-Quaternaire)", "description": "Bassin sédimentaire côtier. Sédiments marins et continentaux déposés entre le Crétacé et le Quaternaire.", "age": "Crétacé - Quaternaire (~145 Ma → actuel)", "lithologie": "Grès, argiles, calcaires, sables", "interet_minier": "Pétrole offshore, phosphates, sables minéralisés", "color": "#C8A96E", "aquifere": "Aquifère non-consolidé / semi-consolidé", "aquifere_productivite": "Moyenne à très haute", "aquifere_desc": "Aquifères sédimentaires côtiers. Principal aquifère d'Abidjan." }, "geometry": { "type": "Polygon", "coordinates": [ [ [ -4.22398798508739, 5.436672337043731 ], [ -4.227184371411546, 5.425108713696154 ], [ -4.22883784648938, 5.383220050065248 ], [ -4.223331481962283, 5.349292644290145 ], [ -4.226533832420337, 5.337730965911376 ], [ -4.228972913868883, 5.311006821707494 ], [ -4.238327198641262, 5.308456065595031 ], [ -4.271513144416033, 5.303800557749582 ], [ -4.292544681691673, 5.303078745687635 ], [ -4.30468087352352, 5.311024005053888 ], [ -4.301479968725502, 5.322579726773043 ], [ -4.302054889571455, 5.333946544097763 ], [ -4.295080124597966, 5.345692619918474 ], [ -4.29245850415661, 5.368617270120978 ], [ -4.293229589174135, 5.383773814809707 ], [ -4.282674670799441, 5.399502970885457 ], [ -4.271926443150825, 5.411444470286149 ], [ -4.272743631043646, 5.437690124084959 ], [ -4.22398798508739, 5.436672337043731 ] ] ] } },
{ "type": "Feature", "properties": { "CdIGLG": "Sedimentary: Cretaceous to Quaternary", "CdIHGComb": "U/CSIF-M/VH", "label_fr": "Sédimentaire (Crétacé-Quaternaire)", "description": "Bassin sédimentaire côtier. Sédiments marins et continentaux déposés entre le Crétacé et le Quaternaire.", "age": "Crétacé - Quaternaire (~145 Ma → actuel)", "lithologie": "Grès, argiles, calcaires, sables", "interet_minier": "Pétrole offshore, phosphates, sables minéralisés", "color": "#C8A96E", "aquifere": "Aquifère non-consolidé / semi-consolidé", "aquifere_productivite": "Moyenne à très haute", "aquifere_desc": "Aquifères sédimentaires côtiers. Principal aquifère d'Abidjan." }, "geometry": { "type": "Polygon", "coordinates": [ [ [ -4.767390334626192, 5.416476171722991 ], [ -4.76244851318835, 5.394006328029654 ], [ -4.765233844416322, 5.374926354667593 ], [ -4.77217539158104, 5.363208736094293 ], [ -4.793390917556778, 5.335615172752128 ], [ -4.804290346422274, 5.327485537527565 ], [ -4.815189104393585, 5.319356865477076 ], [ -4.826087193269274, 5.311229158398952 ], [ -4.837178777578504, 5.30687792312775 ], [ -4.848269503035102, 5.302527101094874 ], [ -4.859165298639617, 5.294401746643381 ], [ -4.870254354954501, 5.290052033025027 ], [ -4.884521663493896, 5.274188246190647 ], [ -4.883747808564515, 5.259090933100119 ], [ -4.871887093914179, 5.248339681031496 ], [ -4.860026695825287, 5.237586494521118 ], [ -4.851927624959945, 5.2266414628333 ], [ -4.835923221479415, 5.208523162414032 ], [ -4.817115737301375, 5.209469826571322 ], [ -4.805447135376944, 5.202484912748517 ], [ -4.789824898800049, 5.191910716956116 ], [ -4.781600890968335, 5.164795843853128 ], [ -4.748053022928605, 5.166366910004967 ], [ -4.717481885680424, 5.178195691977649 ], [ -4.686969207063246, 5.193012101827065 ], [ -4.672766948735646, 5.190192912472924 ], [ -4.657515154600716, 5.187164636139052 ], [ -4.635110182588825, 5.192071997324909 ], [ -4.620044841296394, 5.19282316325836 ], [ -4.609315427464949, 5.204730351724336 ], [ -4.571452059165143, 5.20282716504169 ], [ -4.548653779448358, 5.200170398645028 ], [ -4.537158605485253, 5.196949795097005 ], [ -4.499468041017224, 5.198822853591885 ], [ -4.487969577334066, 5.195600079080364 ], [ -4.470720670422562, 5.190764560236268 ], [ -4.49060440926608, 5.172707226657202 ], [ -4.505682041592923, 5.171960978216646 ], [ -4.520569225389398, 5.167430899716237 ], [ -4.607038282890446, 5.159354035360415 ], [ -4.629447291059613, 5.15445176613617 ], [ -4.65561826047432, 5.149363157383846 ], [ -4.720267284807328, 5.143542895288363 ], [ -4.738640005232014, 5.14254039402396 ], [ -4.758061252424778, 5.144465234582995 ], [ -4.769582165884195, 5.143672759190487 ], [ -4.835869093983419, 5.132822619468335 ], [ -4.899979765253942, 5.133407091564031 ], [ -5.020417592397891, 5.13115836376744 ], [ -5.039388391660943, 5.133986239673234 ], [ -5.054601723590629, 5.13700155677644 ], [ -5.070196529046594, 5.147555107282386 ], [ -5.081063859309648, 5.145169105170055 ], [ -5.092533608539146, 5.142650784006541 ], [ -5.118620980573724, 5.137557855810392 ], [ -5.171356301751878, 5.138674768825531 ], [ -5.179629221011655, 5.153363004599065 ], [ -5.168756391394297, 5.161466880092476 ], [ -5.150954731475604, 5.18125476109833 ], [ -5.139501970439536, 5.178058275568993 ], [ -5.113610543591701, 5.186927146770437 ], [ -5.07962648997054, 5.184870755181244 ], [ -5.056902267625546, 5.182241471167004 ], [ -5.046212270180078, 5.194121983942431 ], [ -5.043034312483524, 5.205623097927699 ], [ -5.043613197990609, 5.216933954038801 ], [ -5.036680446645253, 5.228626824168636 ], [ -5.025991351219844, 5.240511991834936 ], [ -5.031883774016915, 5.281797106051663 ], [ -5.030228184213264, 5.297909204431235 ], [ -5.021741452051259, 5.304898278310432 ], [ -5.003141452261112, 5.309698278205495 ], [ -4.99324145167655, 5.336598277865711 ], [ -4.971641452036351, 5.3566982782555 ], [ -4.941841451966372, 5.361998278275514 ], [ -4.896841452415984, 5.368098278090649 ], [ -4.886341452041304, 5.383798278145598 ], [ -4.875641452336104, 5.39569827810552 ], [ -4.872541452371021, 5.40719827805561 ], [ -4.869341452291081, 5.41869827778082 ], [ -4.858641451686601, 5.430598277965714 ], [ -4.825041451746475, 5.436098277990638 ], [ -4.813141452461039, 5.425398278285442 ], [ -4.805924731186334, 5.424816284496458 ], [ -4.786603485007795, 5.423058573272066 ], [ -4.778682398518757, 5.415893584373961 ], [ -4.767390334626192, 5.416476171722991 ] ] ] } },
{ "type": "Feature", "properties": { "CdIGLG": "Sedimentary: Cretaceous to Quaternary", "CdIHGComb": "U/CSIF-M/VH", "label_fr": "Sédimentaire (Crétacé-Quaternaire)", "description": "Bassin sédimentaire côtier. Sédiments marins et continentaux déposés entre le Crétacé et le Quaternaire.", "age": "Crétacé - Quaternaire (~145 Ma → actuel)", "lithologie": "Grès, argiles, calcaires, sables", "interet_minier": "Pétrole offshore, phosphates, sables minéralisés", "color": "#C8A96E", "aquifere": "Aquifère non-consolidé / semi-consolidé", "aquifere_productivite": "Moyenne à très haute", "aquifere_desc": "Aquifères sédimentaires côtiers. Principal aquifère d'Abidjan." }, "geometry": { "type": "Polygon", "coordinates": [ [ [ -3.108541452356089, 5.377998277783298 ], [ -3.098215234290574, 5.371072910538921 ], [ -3.091841452066252, 5.366798278170577 ], [ -3.071841451791496, 5.348598277940752 ], [ -3.056660004200801, 5.349297423489851 ], [ -3.056641452086289, 5.349298277845811 ], [ -3.049741452251148, 5.364998277900767 ], [ -3.050640827357181, 5.383985088693429 ], [ -3.027334898331851, 5.373661602753288 ], [ -3.019220921653126, 5.374051344646354 ], [ -3.015917983373178, 5.374209995847153 ], [ -2.998119716596609, 5.375064377871304 ], [ -2.989275421168674, 5.375488936342883 ], [ -2.985221078634797, 5.375683427101052 ], [ -2.974050786784282, 5.37619784830455 ], [ -2.974041451821435, 5.37619827818051 ], [ -2.976341452440995, 5.345498277975665 ], [ -2.968341452241191, 5.338198277905725 ], [ -2.960341452041298, 5.330898278285467 ], [ -2.952363110214279, 5.3199649946663 ], [ -2.952250985439569, 5.319812546764176 ], [ -2.940463039882296, 5.312712695087292 ], [ -2.940462968835838, 5.312711224695839 ], [ -2.9404414516566, 5.312698278055635 ], [ -2.939841451866481, 5.301298278445287 ], [ -2.93124145186146, 5.293398277893154 ], [ -2.928838976837294, 5.291141407450006 ], [ -2.927943238589542, 5.2903239713742 ], [ -2.915790968678206, 5.275576117743704 ], [ -2.871724253171731, 5.231675701722345 ], [ -2.85993732294903, 5.224564609419254 ], [ -2.824215130723623, 5.1955751831482 ], [ -2.824219068854955, 5.195561151925709 ], [ -2.827484687967946, 5.183924742133172 ], [ -2.845989472036475, 5.171566251381428 ], [ -2.861043138330071, 5.167033939864496 ], [ -2.868300280533425, 5.159032902746318 ], [ -2.879723588772581, 5.158501810809931 ], [ -2.89858122184588, 5.153793643162096 ], [ -2.910361484494889, 5.160907180721807 ], [ -2.921961692078373, 5.164197363017927 ], [ -2.937367718145683, 5.167309275402772 ], [ -2.939199831407052, 5.125092933891835 ], [ -2.973093000441601, 5.115860625967194 ], [ -2.984866606308817, 5.122972073502396 ], [ -3.000444747327219, 5.129905198066453 ], [ -3.012038042721393, 5.133193894682549 ], [ -3.020006219511423, 5.140479114619467 ], [ -3.031778683239544, 5.147585869492318 ], [ -3.107842985765124, 5.144028930290922 ], [ -3.119430048857602, 5.147312317309634 ], [ -3.131016507605683, 5.150595008253063 ], [ -3.146946757486862, 5.165149198276893 ], [ -3.167042051949092, 5.187153794811834 ], [ -3.183156223980493, 5.205516349300076 ], [ -3.184434081467696, 5.232228236643806 ], [ -3.169961021983486, 5.248215290403387 ], [ -3.148434044595444, 5.276017285569267 ], [ -3.130525369849884, 5.299826803464221 ], [ -3.131078171420448, 5.311278355811496 ], [ -3.129309050272383, 5.35344988050764 ], [ -3.14507724861604, 5.364168363978827 ], [ -3.179298301475391, 5.362517872401902 ], [ -3.195249885074119, 5.377046445237276 ], [ -3.196181991905394, 5.396112278558817 ], [ -3.196141452266193, 5.396098277913282 ], [ -3.157941451986318, 5.394098277863264 ], [ -3.138941452186167, 5.394998277548446 ], [ -3.130941451986363, 5.387698277703386 ], [ -3.119341452146301, 5.38449827762345 ], [ -3.108541452356089, 5.377998277783298 ] ] ] } },
{ "type": "Feature", "properties": { "CdIGLG": "Sedimentary: Cretaceous to Quaternary", "CdIHGComb": "U/CSIF-M/VH", "label_fr": "Sédimentaire (Crétacé-Quaternaire)", "description": "Bassin sédimentaire côtier. Sédiments marins et continentaux déposés entre le Crétacé et le Quaternaire.", "age": "Crétacé - Quaternaire (~145 Ma → actuel)", "lithologie": "Grès, argiles, calcaires, sables", "interet_minier": "Pétrole offshore, phosphates, sables minéralisés", "color": "#C8A96E", "aquifere": "Aquifère non-consolidé / semi-consolidé", "aquifere_productivite": "Moyenne à très haute", "aquifere_desc": "Aquifères sédimentaires côtiers. Principal aquifère d'Abidjan." }, "geometry": { "type": "Polygon", "coordinates": [ [ [ -5.030228184213264, 5.297909204431235 ], [ -5.031883774016915, 5.281797106051663 ], [ -5.025991351219844, 5.240511991834936 ], [ -5.036680446645253, 5.228626824168636 ], [ -5.043613197990609, 5.216933954038801 ], [ -5.05464771222211, 5.214555143804851 ], [ -5.071627995235733, 5.214612075387059 ], [ -5.099645693693816, 5.212970754196988 ], [ -5.122277085319165, 5.209155965875219 ], [ -5.115349121964346, 5.22084328089268 ], [ -5.112175980137362, 5.232340088923955 ], [ -5.101688277092236, 5.247989772809809 ], [ -5.094567026047386, 5.255911408784549 ], [ -5.08786606869403, 5.271300515891141 ], [ -5.087841452465952, 5.271298278145508 ], [ -5.080841452515955, 5.2829982781006 ], [ -5.062141451711582, 5.28399827835041 ], [ -5.049241452176162, 5.29829827792075 ], [ -5.030241451926415, 5.297898278135548 ], [ -5.030228184213264, 5.297909204431235 ] ] ] } },
{ "type": "Feature", "properties": { "CdIGLG": "Sedimentary: Cretaceous to Quaternary", "CdIHGComb": "U/CSIF-M/VH", "label_fr": "Sédimentaire (Crétacé-Quaternaire)", "description": "Bassin sédimentaire côtier. Sédiments marins et continentaux déposés entre le Crétacé et le Quaternaire.", "age": "Crétacé - Quaternaire (~145 Ma → actuel)", "lithologie": "Grès, argiles, calcaires, sables", "interet_minier": "Pétrole offshore, phosphates, sables minéralisés", "color": "#C8A96E", "aquifere": "Aquifère non-consolidé / semi-consolidé", "aquifere_productivite": "Moyenne à très haute", "aquifere_desc": "Aquifères sédimentaires côtiers. Principal aquifère d'Abidjan." }, "geometry": { "type": "Polygon", "coordinates": [ [ [ -5.08786606869403, 5.271300515891141 ], [ -5.094567026047386, 5.255911408784549 ], [ -5.101688277092236, 5.247989772809809 ], [ -5.112175980137362, 5.232340088923955 ], [ -5.115349121964346, 5.22084328089268 ], [ -5.122277085319165, 5.209155965875219 ], [ -5.144993396328129, 5.211777243225242 ], [ -5.178965038405764, 5.213822466133877 ], [ -5.176391112189954, 5.236488574273331 ], [ -5.176341452540939, 5.236498277950751 ], [ -5.161341452391049, 5.237298277970758 ], [ -5.150441452455961, 5.245398278285506 ], [ -5.139441452406018, 5.249798277945679 ], [ -5.114241452226192, 5.273698278205529 ], [ -5.08786606869403, 5.271300515891141 ] ] ] } },
{ "type": "Feature", "properties": { "CdIGLG": "Sedimentary: Cretaceous to Quaternary", "CdIHGComb": "U/CSIF-M/VH", "label_fr": "Sédimentaire (Crétacé-Quaternaire)", "description": "Bassin sédimentaire côtier. Sédiments marins et continentaux déposés entre le Crétacé et le Quaternaire.", "age": "Crétacé - Quaternaire (~145 Ma → actuel)", "lithologie": "Grès, argiles, calcaires, sables", "interet_minier": "Pétrole offshore, phosphates, sables minéralisés", "color": "#C8A96E", "aquifere": "Aquifère non-consolidé / semi-consolidé", "aquifere_productivite": "Moyenne à très haute", "aquifere_desc": "Aquifères sédimentaires côtiers. Principal aquifère d'Abidjan." }, "geometry": { "type": "Polygon", "coordinates": [ [ [ -4.470720670422562, 5.190764560236268 ], [ -4.465538531278096, 5.2005071704695 ], [ -4.454416424878055, 5.204853512079943 ], [ -4.443293472215931, 5.209200260183884 ], [ -4.432169673291725, 5.213547413882054 ], [ -4.421234670843305, 5.221680998479357 ], [ -4.40633731031857, 5.226216610508246 ], [ -4.395210721697445, 5.230565296651164 ], [ -4.384083287713519, 5.234914386589658 ], [ -4.372955007467599, 5.239263879424534 ], [ -4.362015824970339, 5.247401262758096 ], [ -4.347112391323776, 5.251939498109344 ], [ -4.324659355045096, 5.256853527768179 ], [ -4.314668189285481, 5.255688425480464 ], [ -4.301823046596237, 5.254190119878118 ], [ -4.278983692143662, 5.251524965504835 ], [ -4.252744488467336, 5.256625507361264 ], [ -4.231440355887678, 5.260077029831052 ], [ -4.218947322960581, 5.262100870458852 ], [ -4.185142438572647, 5.267576509648208 ], [ -4.154729558622222, 5.265280173541164 ], [ -4.139426488741421, 5.262234539392459 ], [ -4.124122170601701, 5.259187879117285 ], [ -4.096724066362572, 5.241523149074119 ], [ -4.086804448866182, 5.232502292446839 ], [ -4.099375221888973, 5.218573354276941 ], [ -4.159833364118409, 5.215604390929947 ], [ -4.389923492275344, 5.200458400235071 ], [ -4.408594387420944, 5.195738644822619 ], [ -4.419720190934001, 5.191392607183076 ], [ -4.438387242377356, 5.186673856313469 ], [ -4.460822312000051, 5.181769043806305 ], [ -4.470720670422562, 5.190764560236268 ] ] ] } },
{ "type": "Feature", "properties": { "CdIGLG": "Sedimentary: Cretaceous to Quaternary", "CdIHGComb": "U/CSIF-M/VH", "label_fr": "Sédimentaire (Crétacé-Quaternaire)", "description": "Bassin sédimentaire côtier. Sédiments marins et continentaux déposés entre le Crétacé et le Quaternaire.", "age": "Crétacé - Quaternaire (~145 Ma → actuel)", "lithologie": "Grès, argiles, calcaires, sables", "interet_minier": "Pétrole offshore, phosphates, sables minéralisés", "color": "#C8A96E", "aquifere": "Aquifère non-consolidé / semi-consolidé", "aquifere_productivite": "Moyenne à très haute", "aquifere_desc": "Aquifères sédimentaires côtiers. Principal aquifère d'Abidjan." }, "geometry": { "type": "Polygon", "coordinates": [ [ [ -5.178965038405764, 5.213822466133877 ], [ -5.189835167359075, 5.205715006842134 ], [ -5.200898179307472, 5.201374769829854 ], [ -5.215712035981706, 5.196843734450873 ], [ -5.226773017260872, 5.192504399458471 ], [ -5.242479300024577, 5.206733611119773 ], [ -5.227941452481005, 5.214998278200518 ], [ -5.213441452006379, 5.227098277940733 ], [ -5.202441451956346, 5.231398278160533 ], [ -5.176391112189954, 5.236488574273331 ], [ -5.178965038405764, 5.213822466133877 ] ] ] } },
{ "type": "Feature", "properties": { "CdIGLG": "Sedimentary: Cretaceous to Quaternary", "CdIHGComb": "U/CSIF-M/VH", "label_fr": "Sédimentaire (Crétacé-Quaternaire)", "description": "Bassin sédimentaire côtier. Sédiments marins et continentaux déposés entre le Crétacé et le Quaternaire.", "age": "Crétacé - Quaternaire (~145 Ma → actuel)", "lithologie": "Grès, argiles, calcaires, sables", "interet_minier": "Pétrole offshore, phosphates, sables minéralisés", "color": "#C8A96E", "aquifere": "Aquifère non-consolidé / semi-consolidé", "aquifere_productivite": "Moyenne à très haute", "aquifere_desc": "Aquifères sédimentaires côtiers. Principal aquifère d'Abidjan." }, "geometry": { "type": "Polygon", "coordinates": [ [ [ -5.281485603177988, 5.159521691472968 ], [ -5.296483971957727, 5.158758953962568 ], [ -5.307538700250763, 5.154423243238078 ], [ -5.32234130640617, 5.149897337592087 ], [ -5.348386784422537, 5.144800067469212 ], [ -5.36376428399446, 5.151561411629856 ], [ -5.362799376190225, 5.132751173727719 ], [ -5.354149597825636, 5.110558299625907 ], [ -5.379996654821678, 5.101706020916204 ], [ -5.394791684188821, 5.097185760314645 ], [ -5.420823176848138, 5.092096988785066 ], [ -5.46557447608112, 5.086060035042649 ], [ -5.477000300623352, 5.089249694717701 ], [ -5.492169540591757, 5.092248526348449 ], [ -5.507337455858924, 5.095246314765689 ], [ -5.518953451940206, 5.10219147585601 ], [ -5.545154970425475, 5.100857560028437 ], [ -5.555804293333427, 5.089014557975531 ], [ -5.558969044485767, 5.077553328023676 ], [ -5.566068724392142, 5.069659573730341 ], [ -5.588326880281308, 5.064763557492221 ], [ -5.599166416097173, 5.056681912340373 ], [ -5.6328323921012, 5.054975422677643 ], [ -5.670037543897482, 5.049321289645825 ], [ -5.681062588267732, 5.044997399610295 ], [ -5.707040493923593, 5.039914354064223 ], [ -5.721800448831665, 5.035401677445527 ], [ -5.732629283614582, 5.027326841060919 ], [ -5.751123569896826, 5.022625876982644 ], [ -5.762142162530775, 5.018304876468889 ], [ -5.862805051711778, 5.009429151534135 ], [ -5.873814532414695, 5.005108652842083 ], [ -5.884823067930217, 5.000791676794513 ], [ -5.895638730343094, 4.992725806650718 ], [ -5.90683758218869, 4.992156572667746 ], [ -5.918035550899919, 4.991587201987812 ], [ -5.929018826302684, 4.987278881892372 ], [ -5.925841452266184, 4.998598277965726 ], [ -5.918941452431042, 5.010298277920732 ], [ -5.908341451941418, 5.022098277990679 ], [ -5.901241451876476, 5.029898277960683 ], [ -5.886741452301131, 5.038198278280433 ], [ -5.879641452236189, 5.046098278365385 ], [ -5.868641452186246, 5.050398278135589 ], [ -5.857841452366102, 5.058498278225542 ], [ -5.843041452446013, 5.06299827822555 ], [ -5.832241451726588, 5.071098278315411 ], [ -5.821241451676556, 5.075398278085615 ], [ -5.810241452525982, 5.079698278305422 ], [ -5.79924145247595, 5.083998278075626 ], [ -5.780741451901378, 5.088698278080635 ], [ -5.762241452226174, 5.093498278200499 ], [ -5.728741452400993, 5.098898278110575 ], [ -5.714041451696566, 5.10339827788578 ], [ -5.680541451871473, 5.108898277910711 ], [ -5.662041452196181, 5.11359827791572 ], [ -5.647341452391036, 5.118198277805782 ], [ -5.610041451796516, 5.123798277945745 ], [ -5.595141451761481, 5.12459827796566 ], [ -5.584241451826482, 5.132698278280408 ], [ -5.569541452021337, 5.137198278055621 ], [ -5.558641452086249, 5.145298278145567 ], [ -5.547441451806506, 5.145898278160573 ], [ -5.536441451756563, 5.15019827838038 ], [ -5.525541451821475, 5.158298278020645 ], [ -5.507041452146272, 5.162998278025654 ], [ -5.450641452086252, 5.162098277890699 ], [ -5.435741452051307, 5.162898277910706 ], [ -5.428541451871421, 5.170798277995658 ], [ -5.413441452505957, 5.167798278145519 ], [ -5.379541452221176, 5.165798278320473 ], [ -5.355741451851475, 5.169898277860796 ], [ -5.342941452430999, 5.177498278275394 ], [ -5.325141451761489, 5.189198278230485 ], [ -5.314541452171234, 5.201398278085641 ], [ -5.310241451726544, 5.206998278225512 ], [ -5.310198440075858, 5.207046113839652 ], [ -5.29014478485395, 5.181724052523073 ], [ -5.281485603177988, 5.159521691472968 ] ] ] } },
{ "type": "Feature", "properties": { "CdIGLG": "Sedimentary: Cretaceous to Quaternary", "CdIHGComb": "U/CSIF-M/VH", "label_fr": "Sédimentaire (Crétacé-Quaternaire)", "description": "Bassin sédimentaire côtier. Sédiments marins et continentaux déposés entre le Crétacé et le Quaternaire.", "age": "Crétacé - Quaternaire (~145 Ma → actuel)", "lithologie": "Grès, argiles, calcaires, sables", "interet_minier": "Pétrole offshore, phosphates, sables minéralisés", "color": "#C8A96E", "aquifere": "Aquifère non-consolidé / semi-consolidé", "aquifere_productivite": "Moyenne à très haute", "aquifere_desc": "Aquifères sédimentaires côtiers. Principal aquifère d'Abidjan." }, "geometry": { "type": "Polygon", "coordinates": [ [ [ -2.743698027408175, 5.179117544226848 ], [ -2.74328399, 5.174472810000019 ], [ -2.746433019999955, 5.16363621 ], [ -2.744348050000106, 5.16019678 ], [ -2.738137010000013, 5.158621789999984 ], [ -2.740863079999972, 5.153542039999877 ], [ -2.738326070000113, 5.15194416 ], [ -2.735116959999978, 5.152884959999959 ], [ -2.73326396999996, 5.150362009999931 ], [ -2.727680919999958, 5.13773584000009 ], [ -2.728811030000116, 5.135197159999912 ], [ -2.73085999, 5.13196277999991 ], [ -2.735224960000032, 5.13216782 ], [ -2.74046397, 5.124772070000112 ], [ -2.740637060000012, 5.115793229999895 ], [ -2.742234950000061, 5.11394404999993 ], [ -2.754410030000059, 5.114332200000071 ], [ -2.75623107, 5.111790179999971 ], [ -2.75800489999996, 5.101191999999884 ], [ -2.766956424814065, 5.0207705891956 ], [ -2.770325125903788, 5.021730371659324 ], [ -2.781928578241249, 5.025035814551259 ], [ -2.804957655471402, 5.027819617381468 ], [ -2.824175734122797, 5.03077560351138 ], [ -2.832144525149666, 5.038076674898669 ], [ -2.843568274955871, 5.037554415204156 ], [ -2.855167767578376, 5.040855868703453 ], [ -2.866943420302587, 5.047980227805311 ], [ -2.878541858020306, 5.051280036444538 ], [ -2.90138267117333, 5.050232014196084 ], [ -2.912979034155022, 5.053530295786508 ], [ -2.939575690465684, 5.05136840292942 ], [ -2.993680039702046, 5.056775642382057 ], [ -3.031516326717082, 5.067374487242844 ], [ -3.071472653939772, 5.070850560305125 ], [ -3.097006593079726, 5.075660354941476 ], [ -3.108412787220299, 5.075131112910569 ], [ -3.131401706123743, 5.077889449638484 ], [ -3.165790036480903, 5.080115546894966 ], [ -3.181171194494997, 5.083224023869633 ], [ -3.192930707985703, 5.090324523957712 ], [ -3.204510200585236, 5.093608219443809 ], [ -3.216089086142354, 5.096891218854715 ], [ -3.232187521836632, 5.115255463169099 ], [ -3.232729134941575, 5.126700125810146 ], [ -3.237614206430411, 5.149410413160027 ], [ -3.218616284513903, 5.150304601875895 ], [ -3.195996927616079, 5.155192785918324 ], [ -3.188034018155378, 5.14791848285175 ], [ -3.183691177605713, 5.136648988360115 ], [ -3.163425779076384, 5.110824723781981 ], [ -3.144420359511951, 5.111712360037409 ], [ -3.129394231358656, 5.116239469875616 ], [ -3.117809047849246, 5.112954323783036 ], [ -3.101882801749905, 5.098391837513383 ], [ -3.090117493927163, 5.091286106068978 ], [ -3.024927322337994, 5.082828392316515 ], [ -3.001924032268249, 5.080064680340797 ], [ -2.990154109124759, 5.072951328940711 ], [ -2.967146790092251, 5.070184280480213 ], [ -2.940330895254611, 5.067590882113578 ], [ -2.924929657177838, 5.064469963018425 ], [ -2.917672442129465, 5.072464805606288 ], [ -2.910415094880708, 5.08046026063252 ], [ -2.881027817080067, 5.104802012602867 ], [ -2.869961956079386, 5.112976168315527 ], [ -2.858538749463651, 5.113503990316921 ], [ -2.824442549484068, 5.118910908711534 ], [ -2.813194324858209, 5.123263017674169 ], [ -2.814623014840173, 5.153860034712842 ], [ -2.8189693384642, 5.165156964822081 ], [ -2.827484687967946, 5.183924742133172 ], [ -2.824219068854955, 5.195561151925709 ], [ -2.824215130723623, 5.1955751831482 ], [ -2.813147377549413, 5.203757086520355 ], [ -2.801718755216292, 5.204290116495713 ], [ -2.789929582084532, 5.197172695663362 ], [ -2.778499491608205, 5.19770487847736 ], [ -2.765480883186161, 5.188821183750669 ], [ -2.762683260024406, 5.186926590989415 ], [ -2.762641451441766, 5.186898277633489 ], [ -2.751041451601704, 5.183598277438605 ], [ -2.743698027408175, 5.179117544226848 ] ] ] } },
{ "type": "Feature", "properties": { "CdIGLG": "Sedimentary: Cretaceous to Quaternary", "CdIHGComb": "U/CSIF-M/VH", "label_fr": "Sédimentaire (Crétacé-Quaternaire)", "description": "Bassin sédimentaire côtier. Sédiments marins et continentaux déposés entre le Crétacé et le Quaternaire.", "age": "Crétacé - Quaternaire (~145 Ma → actuel)", "lithologie": "Grès, argiles, calcaires, sables", "interet_minier": "Pétrole offshore, phosphates, sables minéralisés", "color": "#C8A96E", "aquifere": "Aquifère non-consolidé / semi-consolidé", "aquifere_productivite": "Moyenne à très haute", "aquifere_desc": "Aquifères sédimentaires côtiers. Principal aquifère d'Abidjan." }, "geometry": { "type": "Polygon", "coordinates": [ [ [ -3.251684610656152, 5.167413255017735 ], [ -3.279946470553124, 5.158882945291687 ], [ -3.282525263030461, 5.169353965912833 ], [ -3.26636364366713, 5.175329012124237 ], [ -3.251684610656152, 5.167413255017735 ] ] ] } },
{ "type": "Feature", "properties": { "CdIGLG": "Sedimentary: Cretaceous to Quaternary", "CdIHGComb": "U/CSIF-M/VH", "label_fr": "Sédimentaire (Crétacé-Quaternaire)", "description": "Bassin sédimentaire côtier. Sédiments marins et continentaux déposés entre le Crétacé et le Quaternaire.", "age": "Crétacé - Quaternaire (~145 Ma → actuel)", "lithologie": "Grès, argiles, calcaires, sables", "interet_minier": "Pétrole offshore, phosphates, sables minéralisés", "color": "#C8A96E", "aquifere": "Aquifère non-consolidé / semi-consolidé", "aquifere_productivite": "Moyenne à très haute", "aquifere_desc": "Aquifères sédimentaires côtiers. Principal aquifère d'Abidjan." }, "geometry": { "type": "Polygon", "coordinates": [ [ [ -5.354149597825636, 5.110558299625907 ], [ -5.362799376190225, 5.132751173727719 ], [ -5.36376428399446, 5.151561411629856 ], [ -5.348386784422537, 5.144800067469212 ], [ -5.32234130640617, 5.149897337592087 ], [ -5.307538700250763, 5.154423243238078 ], [ -5.296483971957727, 5.158758953962568 ], [ -5.281485603177988, 5.159521691472968 ], [ -5.280907124164408, 5.14822916534375 ], [ -5.265137735118369, 5.133932122969142 ], [ -5.279368836502535, 5.118115454764471 ], [ -5.290425337359444, 5.113782681225764 ], [ -5.30148097576642, 5.10945033936175 ], [ -5.316284398506138, 5.104928987882495 ], [ -5.32733800624397, 5.100597562427566 ], [ -5.342522230716323, 5.103602441099852 ], [ -5.354149597825636, 5.110558299625907 ] ] ] } },
{ "type": "Feature", "properties": { "CdIGLG": "Sedimentary: Cretaceous to Quaternary", "CdIHGComb": "U/CSIF-M/VH", "label_fr": "Sédimentaire (Crétacé-Quaternaire)", "description": "Bassin sédimentaire côtier. Sédiments marins et continentaux déposés entre le Crétacé et le Quaternaire.", "age": "Crétacé - Quaternaire (~145 Ma → actuel)", "lithologie": "Grès, argiles, calcaires, sables", "interet_minier": "Pétrole offshore, phosphates, sables minéralisés", "color": "#C8A96E", "aquifere": "Aquifère non-consolidé / semi-consolidé", "aquifere_productivite": "Moyenne à très haute", "aquifere_desc": "Aquifères sédimentaires côtiers. Principal aquifère d'Abidjan." }, "geometry": { "type": "Polygon", "coordinates": [ [ [ -5.193869314717109, 5.137537452891216 ], [ -5.231191301037668, 5.13187515671315 ], [ -5.246963116454634, 5.146176691201376 ], [ -5.236288534288441, 5.158043016272195 ], [ -5.198582041927629, 5.156179501382951 ], [ -5.186749328118939, 5.145449887902053 ], [ -5.193869314717109, 5.137537452891216 ] ] ] } },
{ "type": "Feature", "properties": { "CdIGLG": "Sedimentary: Cretaceous to Quaternary", "CdIHGComb": "U/CSIF-M/VH", "label_fr": "Sédimentaire (Crétacé-Quaternaire)", "description": "Bassin sédimentaire côtier. Sédiments marins et continentaux déposés entre le Crétacé et le Quaternaire.", "age": "Crétacé - Quaternaire (~145 Ma → actuel)", "lithologie": "Grès, argiles, calcaires, sables", "interet_minier": "Pétrole offshore, phosphates, sables minéralisés", "color": "#C8A96E", "aquifere": "Aquifère non-consolidé / semi-consolidé", "aquifere_productivite": "Moyenne à très haute", "aquifere_desc": "Aquifères sédimentaires côtiers. Principal aquifère d'Abidjan." }, "geometry": { "type": "Polygon", "coordinates": [ [ [ -6.284081361210752, 4.84171546964572 ], [ -6.291145561018801, 4.833864816508104 ], [ -6.302120996986421, 4.829564695554296 ], [ -6.313095555215714, 4.825265043147297 ], [ -6.323879638834256, 4.817229202265956 ], [ -6.334852502740823, 4.812930785527321 ], [ -6.345824488908974, 4.808632839134226 ], [ -6.352886231814164, 4.800786634695442 ], [ -6.363856835724363, 4.796489868212916 ], [ -6.385228651281199, 4.776692741276996 ], [ -6.396196802740267, 4.772398281555475 ], [ -6.406975481433324, 4.764369870872905 ], [ -6.466458412325832, 4.761386608305351 ], [ -6.477945138057667, 4.768267094650732 ], [ -6.477965790692469, 4.768279465232538 ], [ -6.477986443289613, 4.768291835877044 ], [ -6.478553945852866, 4.779489264995107 ], [ -6.471688773163248, 4.791061442509125 ], [ -6.464823955705917, 4.802634716296701 ], [ -6.464733686240503, 4.802652352009503 ], [ -6.438991368306951, 4.807681583038644 ], [ -6.424309043327675, 4.812166085696312 ], [ -6.417252322236827, 4.82000973785911 ], [ -6.410195498173593, 4.827854115774876 ], [ -6.403550500485139, 4.843097515622851 ], [ -6.40346783344366, 4.84309809387949 ], [ -6.403441451831476, 4.843098278240461 ], [ -6.395478255487014, 4.832347963265448 ], [ -6.395441451631584, 4.83229827842041 ], [ -6.373341452091235, 4.837098278315388 ], [ -6.362541452271181, 4.845198277955653 ], [ -6.343741452251145, 4.842398278335402 ], [ -6.336741451626576, 4.850198278305406 ], [ -6.322041451821431, 4.854698278080612 ], [ -6.307341451791487, 4.859198277855732 ], [ -6.292641451986341, 4.863698278305428 ], [ -6.284650929067009, 4.85291107246556 ], [ -6.284081361210752, 4.84171546964572 ] ] ] } },
{ "type": "Feature", "properties": { "CdIGLG": "Sedimentary: Cretaceous to Quaternary", "CdIHGComb": "U/CSIF-M/VH", "label_fr": "Sédimentaire (Crétacé-Quaternaire)", "description": "Bassin sédimentaire côtier. Sédiments marins et continentaux déposés entre le Crétacé et le Quaternaire.", "age": "Crétacé - Quaternaire (~145 Ma → actuel)", "lithologie": "Grès, argiles, calcaires, sables", "interet_minier": "Pétrole offshore, phosphates, sables minéralisés", "color": "#C8A96E", "aquifere": "Aquifère non-consolidé / semi-consolidé", "aquifere_productivite": "Moyenne à très haute", "aquifere_desc": "Aquifères sédimentaires côtiers. Principal aquifère d'Abidjan." }, "geometry": { "type": "Polygon", "coordinates": [ [ [ -6.464733686240503, 4.802652352009503 ], [ -6.462041452396022, 4.821398278260432 ], [ -6.455141451886398, 4.832998278100582 ], [ -6.44634145234107, 4.842798277895717 ], [ -6.403550500485139, 4.843097515622851 ], [ -6.410195498173593, 4.827854115774876 ], [ -6.417252322236827, 4.82000973785911 ], [ -6.424309043327675, 4.812166085696312 ], [ -6.438991368306951, 4.807681583038644 ], [ -6.464733686240503, 4.802652352009503 ] ] ] } },
{ "type": "Feature", "properties": { "CdIGLG": "Sedimentary: Cretaceous to Quaternary", "CdIHGComb": "U/CSIF-M/VH", "label_fr": "Sédimentaire (Crétacé-Quaternaire)", "description": "Bassin sédimentaire côtier. Sédiments marins et continentaux déposés entre le Crétacé et le Quaternaire.", "age": "Crétacé - Quaternaire (~145 Ma → actuel)", "lithologie": "Grès, argiles, calcaires, sables", "interet_minier": "Pétrole offshore, phosphates, sables minéralisés", "color": "#C8A96E", "aquifere": "Aquifère non-consolidé / semi-consolidé", "aquifere_productivite": "Moyenne à très haute", "aquifere_desc": "Aquifères sédimentaires côtiers. Principal aquifère d'Abidjan." }, "geometry": { "type": "Polygon", "coordinates": [ [ [ -3.108541452356089, 5.377998277783298 ], [ -3.119341452146301, 5.38449827762345 ], [ -3.130941451986363, 5.387698277703386 ], [ -3.138941452186167, 5.394998277548446 ], [ -3.157941451986318, 5.394098277863264 ], [ -3.196141452266193, 5.396098277913282 ], [ -3.196181991905394, 5.396112278558817 ], [ -3.196182292278898, 5.396118415982095 ], [ -3.196182592652491, 5.396124553405464 ], [ -3.215564110495311, 5.402832898719289 ], [ -3.240309590660001, 5.405161814543654 ], [ -3.109541451721537, 5.480398278310446 ], [ -3.108541648423252, 5.378018341650666 ], [ -3.108541452356089, 5.377998277783298 ] ] ] } },
{ "type": "Feature", "properties": { "CdIGLG": "Sedimentary: Cretaceous to Quaternary", "CdIHGComb": "U/CSIF-M/VH", "label_fr": "Sédimentaire (Crétacé-Quaternaire)", "description": "Bassin sédimentaire côtier. Sédiments marins et continentaux déposés entre le Crétacé et le Quaternaire.", "age": "Crétacé - Quaternaire (~145 Ma → actuel)", "lithologie": "Grès, argiles, calcaires, sables", "interet_minier": "Pétrole offshore, phosphates, sables minéralisés", "color": "#C8A96E", "aquifere": "Aquifère non-consolidé / semi-consolidé", "aquifere_productivite": "Moyenne à très haute", "aquifere_desc": "Aquifères sédimentaires côtiers. Principal aquifère d'Abidjan." }, "geometry": { "type": "Polygon", "coordinates": [ [ [ -2.763837831867516, 5.234945069246166 ], [ -2.765316009999946, 5.23195314000003 ], [ -2.764605050000096, 5.23026179999998 ], [ -2.764153959999987, 5.229195119999915 ], [ -2.757492070000072, 5.228529930000036 ], [ -2.757478, 5.225306989999908 ], [ -2.76068902000009, 5.22391510000012 ], [ -2.75880408, 5.212182039999924 ], [ -2.76362705, 5.211933140000021 ], [ -2.765223030000069, 5.20870399 ], [ -2.759459020000016, 5.203664779999883 ], [ -2.758052109999959, 5.196302889999956 ], [ -2.756969929999947, 5.197640899999911 ], [ -2.75330901, 5.199965949999907 ], [ -2.75054908, 5.199058060000013 ], [ -2.747486110000047, 5.185957909999949 ], [ -2.747008090000019, 5.182737829999972 ], [ -2.743776080000032, 5.179993149999895 ], [ -2.743698027408175, 5.179117544226848 ], [ -2.751041451601704, 5.183598277438605 ], [ -2.762641451441766, 5.186898277633489 ], [ -2.762683260024406, 5.186926590989415 ], [ -2.765480883186161, 5.188821183750669 ], [ -2.778499491608205, 5.19770487847736 ], [ -2.789929582084532, 5.197172695663362 ], [ -2.801718755216292, 5.204290116495713 ], [ -2.813147377549413, 5.203757086520355 ], [ -2.824215130723623, 5.1955751831482 ], [ -2.85993732294903, 5.224564609419254 ], [ -2.871724253171731, 5.231675701722345 ], [ -2.915790968678206, 5.275576117743704 ], [ -2.927943238589542, 5.2903239713742 ], [ -2.928838976837294, 5.291141407450006 ], [ -2.93124145186146, 5.293398277893154 ], [ -2.869041451671578, 5.312098278265431 ], [ -2.763837831867516, 5.234945069246166 ] ] ] } },
{ "type": "Feature", "properties": { "CdIGLG": "Precambrian Basement", "CdIHGComb": "B-L", "label_fr": "Socle précambrien", "description": "Roches métamorphiques et sédimentaires anciennes du Précambrien. Constituent le cœur archéen du craton ouest-africain.", "age": "Précambrien (> 2500 Ma)", "lithologie": "Gneiss, schistes, quartzites, migmatites", "interet_minier": "Or, manganèse, fer, bauxite", "color": "#8B5E3C", "aquifere": "Aquifère du socle", "aquifere_productivite": "Faible", "aquifere_desc": "Aquifères d'altération et de fissures dans le socle précambrien." }, "geometry": { "type": "Polygon", "coordinates": [ [ [ -2.763837831867516, 5.234945069246166 ], [ -2.869041451671578, 5.312098278265431 ], [ -2.93124145186146, 5.293398277893154 ], [ -2.939841451866481, 5.301298278445287 ], [ -2.9404414516566, 5.312698278055635 ], [ -2.940462968835838, 5.312711224695839 ], [ -2.940463039882296, 5.312712695087292 ], [ -2.952250985439569, 5.319812546764176 ], [ -2.952363110214279, 5.3199649946663 ], [ -2.960341452041298, 5.330898278285467 ], [ -2.968341452241191, 5.338198277905725 ], [ -2.976341452440995, 5.345498277975665 ], [ -2.974041451821435, 5.37619827818051 ], [ -2.974050786784282, 5.37619784830455 ], [ -2.985221078634797, 5.375683427101052 ], [ -2.989275421168674, 5.375488936342883 ], [ -2.998119716596609, 5.375064377871304 ], [ -3.015917983373178, 5.374209995847153 ], [ -3.019220921653126, 5.374051344646354 ], [ -3.027334898331851, 5.373661602753288 ], [ -3.050640827357181, 5.383985088693429 ], [ -3.049741452251148, 5.364998277900767 ], [ -3.056641452086289, 5.349298277845811 ], [ -3.056660004200801, 5.349297423489851 ], [ -3.071841451791496, 5.348598277940752 ], [ -3.091841452066252, 5.366798278170577 ], [ -3.098215234290574, 5.371072910538921 ], [ -3.108541452356089, 5.377998277783298 ], [ -3.108541648423252, 5.378018341650666 ], [ -3.109541451721537, 5.480398278310446 ], [ -3.240309590660001, 5.405161814543654 ], [ -3.241516441275621, 5.405275397119446 ], [ -3.250072536348419, 5.412375134789656 ], [ -3.250334559237405, 5.412613600389903 ], [ -3.251875489107508, 5.414015806236982 ], [ -3.258310766073929, 5.419871738367561 ], [ -3.266212714090383, 5.421060753628389 ], [ -3.267843435870837, 5.421306130725874 ], [ -3.270241452026262, 5.430798277970624 ], [ -3.277653370251748, 5.437469004643354 ], [ -3.278241452226155, 5.437998278150509 ], [ -3.281364098918932, 5.437861319721648 ], [ -3.289641451836506, 5.437498277800763 ], [ -3.298529558637192, 5.439950169417351 ], [ -3.30123929240434, 5.440711455646692 ], [ -3.303419583591843, 5.442020050162732 ], [ -3.313014785948504, 5.447779016940586 ], [ -3.320990901953508, 5.455031777647001 ], [ -3.33257709720019, 5.458284680346289 ], [ -3.344162687203195, 5.461536870782446 ], [ -3.350350327750334, 5.452343539475287 ], [ -3.354769975798671, 5.445777014550146 ], [ -3.363520376609014, 5.439253988932975 ], [ -3.365753896869755, 5.437595100610892 ], [ -3.376283340148994, 5.434906732037625 ], [ -3.384563067276641, 5.432817911794714 ], [ -3.384619452970355, 5.432803686993111 ], [ -3.396578634841024, 5.443677210212627 ], [ -3.397904439683114, 5.470353001242508 ], [ -3.409866236782349, 5.48122474807623 ], [ -3.425054653894094, 5.480474175020696 ], [ -3.437015968057416, 5.491340724447376 ], [ -3.437587735430597, 5.502770339856788 ], [ -3.442339324145443, 5.521630833448754 ], [ -3.453920527255466, 5.524873973107887 ], [ -3.460943996812965, 5.524524459688614 ], [ -3.465241452176176, 5.524298278395364 ], [ -3.47041414236871, 5.52231233429935 ], [ -3.476506590351796, 5.519931350404057 ], [ -3.486915939963581, 5.512190023328507 ], [ -3.48744279429441, 5.511798207373893 ], [ -3.503984558885215, 5.510927588090205 ], [ -3.506452304874902, 5.510804808147903 ], [ -3.506488508207944, 5.510803006805894 ], [ -3.518256661260871, 5.517852147511093 ], [ -3.531585251603047, 5.520497719371782 ], [ -3.53362749056117, 5.520903080465274 ], [ -3.534703887319473, 5.521880022097847 ], [ -3.541600290765739, 5.528139221700286 ], [ -3.560571549582253, 5.527191463292979 ], [ -3.5831419554818, 5.522247163128576 ], [ -3.593945968976225, 5.510259874745948 ], [ -3.604583191506055, 5.507566708514318 ], [ -3.612641451811488, 5.50549827837542 ], [ -3.619841451766487, 5.497498278175527 ], [ -3.619341452091312, 5.486098277890783 ], [ -3.622541452171252, 5.474498277825745 ], [ -3.631541451721493, 5.464498278025609 ], [ -3.631560126143857, 5.464515282631773 ], [ -3.631566504360567, 5.464508208339687 ], [ -3.649490177774389, 5.480783255820143 ], [ -3.736865985721632, 5.48023308004516 ], [ -3.748426397405208, 5.483466746470718 ], [ -3.768141536747432, 5.497725795186803 ], [ -3.784261109207737, 5.515972772403018 ], [ -3.794950542778302, 5.507049585747311 ], [ -3.798841452415985, 5.503798278220458 ], [ -3.79897599998738, 5.503650649110725 ], [ -3.806026341272567, 5.49582324543146 ], [ -3.82535126479398, 5.502472395137403 ], [ -3.83495845961011, 5.501988767844878 ], [ -3.840441451881432, 5.501698277830791 ], [ -3.846341622113108, 5.495224480203127 ], [ -3.847689074536081, 5.493728316785884 ], [ -3.858856719906672, 5.489356846318934 ], [ -3.873424269344433, 5.47719441497528 ], [ -3.888761585648531, 5.480234130678163 ], [ -3.900698357987725, 5.491058832176876 ], [ -3.912055153267652, 5.49048633275558 ], [ -3.943886452942419, 5.519340353951748 ], [ -3.969744693907412, 5.51802980520889 ], [ -3.970341452540943, 5.517998278350341 ], [ -3.977541452046257, 5.509998278375335 ], [ -3.988441451981345, 5.501898278060587 ], [ -3.987941452306082, 5.490498278450325 ], [ -3.987941550332202, 5.490497921419475 ], [ -3.991141452161223, 5.47889827838538 ], [ -3.99233266828794, 5.477105781384239 ], [ -4.001719076843862, 5.463120860416922 ], [ -4.022789711021307, 5.447429340968853 ], [ -4.023641451961307, 5.446798278370409 ], [ -4.034741452126195, 5.442498278150516 ], [ -4.059834785292043, 5.437996484227902 ], [ -4.064860084470251, 5.43710735847035 ], [ -4.074299592597047, 5.437222932369956 ], [ -4.12554509619914, 5.437850365079832 ], [ -4.137078119704412, 5.441070609798359 ], [ -4.152389960673069, 5.444098949984088 ], [ -4.171479561502483, 5.44693489011064 ], [ -4.186788561512827, 5.449960989185783 ], [ -4.197929993219557, 5.445594856195164 ], [ -4.209070577315149, 5.441229114409659 ], [ -4.22398798508739, 5.436672337043731 ], [ -4.272743631043646, 5.437690124084959 ], [ -4.28877706757747, 5.444782991194607 ], [ -4.304058681432871, 5.44780031828261 ], [ -4.30449838943408, 5.44785238902908 ], [ -4.326922819177664, 5.450438421273695 ], [ -4.342217809774024, 5.453456610811543 ], [ -4.353737007326913, 5.45666646543755 ], [ -4.369420610043001, 5.467257123095337 ], [ -4.381134240797518, 5.474251688217365 ], [ -4.39681734641329, 5.484840004040514 ], [ -4.408334209326231, 5.488045210295766 ], [ -4.438464540276193, 5.486497063141471 ], [ -4.449841452266107, 5.485898278335377 ], [ -4.452798819754694, 5.485005113272933 ], [ -4.464728829416892, 5.48135145445859 ], [ -4.476240960996464, 5.48455399872055 ], [ -4.47952108167749, 5.480902921185404 ], [ -4.483390641409862, 5.47659574235216 ], [ -4.495140089688348, 5.475990101114824 ], [ -4.55125230579419, 5.473101298163925 ], [ -4.551263726284876, 5.473100710007294 ], [ -4.562751779416057, 5.476295159246732 ], [ -4.56511745167894, 5.47558069464592 ], [ -4.577650324347943, 5.471740276545056 ], [ -4.583338922323282, 5.465408591585785 ], [ -4.588367221639849, 5.459811851713077 ], [ -4.599870049732907, 5.463010661090728 ], [ -4.610192567777688, 5.443521812758966 ], [ -4.621104229221778, 5.435378218482533 ], [ -4.632211309074524, 5.431016204611716 ], [ -4.635138237884334, 5.43086567676206 ], [ -4.643513677159433, 5.430434940172823 ], [ -4.645015859963891, 5.429313860823555 ], [ -4.654421794600033, 5.42229421248549 ], [ -4.695841451891397, 5.420198278380369 ], [ -4.704339685273201, 5.427839546210677 ], [ -4.707741452076291, 5.430898278085571 ], [ -4.726484490611643, 5.42723584503576 ], [ -4.733846365162503, 5.425790066136223 ], [ -4.73858751814436, 5.417865568293855 ], [ -4.740842466776357, 5.414057043075637 ], [ -4.748764871446603, 5.42122449296852 ], [ -4.767390334626192, 5.416476171722991 ], [ -4.778682398518757, 5.415893584373961 ], [ -4.786603485007795, 5.423058573272066 ], [ -4.805924731186334, 5.424816284496458 ], [ -4.813141452461039, 5.425398278285442 ], [ -4.825041451746475, 5.436098277990638 ], [ -4.858641451686601, 5.430598277965714 ], [ -4.869341452291081, 5.41869827778082 ], [ -4.872541452371021, 5.40719827805561 ], [ -4.875641452336104, 5.39569827810552 ], [ -4.886341452041304, 5.383798278145598 ], [ -4.896841452415984, 5.368098278090649 ], [ -4.941841451966372, 5.361998278275514 ], [ -4.971641452036351, 5.3566982782555 ], [ -4.99324145167655, 5.336598277865711 ], [ -5.003141452261112, 5.309698278205495 ], [ -5.021741452051259, 5.304898278310432 ], [ -5.030228184213264, 5.297909204431235 ], [ -5.030241451926415, 5.297898278135548 ], [ -5.049241452176162, 5.29829827792075 ], [ -5.062141451711582, 5.28399827835041 ], [ -5.080841452515955, 5.2829982781006 ], [ -5.087841452465952, 5.271298278145508 ], [ -5.08786606869403, 5.271300515891141 ], [ -5.114241452226192, 5.273698278205529 ], [ -5.139441452406018, 5.249798277945679 ], [ -5.150441452455961, 5.245398278285506 ], [ -5.161341452391049, 5.237298277970758 ], [ -5.176341452540939, 5.236498277950751 ], [ -5.176391112189954, 5.236488574273331 ], [ -5.202441451956346, 5.231398278160533 ], [ -5.213441452006379, 5.227098277940733 ], [ -5.227941452481005, 5.214998278200518 ], [ -5.242479300024577, 5.206733611119773 ], [ -5.242516041809036, 5.206766897422554 ], [ -5.242552783673965, 5.206800183636517 ], [ -5.265057271066148, 5.205650057758959 ], [ -5.272946402844131, 5.212795282930934 ], [ -5.284780360415247, 5.223511486620779 ], [ -5.299585168110937, 5.218978476330626 ], [ -5.310250171598035, 5.207111435399455 ], [ -5.310224305732497, 5.207078774702289 ], [ -5.310198440075858, 5.207046113839652 ], [ -5.310241451726544, 5.206998278225512 ], [ -5.314541452171234, 5.201398278085641 ], [ -5.325141451761489, 5.189198278230485 ], [ -5.342941452430999, 5.177498278275394 ], [ -5.355741451851475, 5.169898277860796 ], [ -5.379541452221176, 5.165798278320473 ], [ -5.413441452505957, 5.167798278145519 ], [ -5.428541451871421, 5.170798277995658 ], [ -5.435741452051307, 5.162898277910706 ], [ -5.450641452086252, 5.162098277890699 ], [ -5.507041452146272, 5.162998278025654 ], [ -5.525541451821475, 5.158298278020645 ], [ -5.536441451756563, 5.15019827838038 ], [ -5.547441451806506, 5.145898278160573 ], [ -5.558641452086249, 5.145298278145567 ], [ -5.569541452021337, 5.137198278055621 ], [ -5.584241451826482, 5.132698278280408 ], [ -5.595141451761481, 5.12459827796566 ], [ -5.610041451796516, 5.123798277945745 ], [ -5.647341452391036, 5.118198277805782 ], [ -5.662041452196181, 5.11359827791572 ], [ -5.680541451871473, 5.108898277910711 ], [ -5.714041451696566, 5.10339827788578 ], [ -5.728741452400993, 5.098898278110575 ], [ -5.762241452226174, 5.093498278200499 ], [ -5.780741451901378, 5.088698278080635 ], [ -5.79924145247595, 5.083998278075626 ], [ -5.810241452525982, 5.079698278305422 ], [ -5.821241451676556, 5.075398278085615 ], [ -5.832241451726588, 5.071098278315411 ], [ -5.843041452446013, 5.06299827822555 ], [ -5.857841452366102, 5.058498278225542 ], [ -5.868641452186246, 5.050398278135589 ], [ -5.879641452236189, 5.046098278365385 ], [ -5.886741452301131, 5.038198278280433 ], [ -5.901241451876476, 5.029898277960683 ], [ -5.908341451941418, 5.022098277990679 ], [ -5.918941452431042, 5.010298277920732 ], [ -5.925841452266184, 4.998598277965726 ], [ -5.929018826302684, 4.987278881892372 ], [ -5.929029700031446, 4.987274616842548 ], [ -5.929040573753369, 4.987270351800277 ], [ -5.943392819213106, 4.975270317326263 ], [ -5.957935619323301, 4.967018957513865 ], [ -5.97286018793724, 4.966261311065622 ], [ -5.983860898451582, 4.961947026688939 ], [ -6.006051269740237, 4.957065135202853 ], [ -6.017049302073524, 4.952751929113226 ], [ -6.024125556439191, 4.944883618439199 ], [ -6.035122141763299, 4.940573791102587 ], [ -6.042197770200858, 4.932707183744533 ], [ -6.053193034420939, 4.928396447193258 ], [ -6.060268046822831, 4.920531247274262 ], [ -6.07126192968424, 4.916221667251108 ], [ -6.082254937505255, 4.911912546781593 ], [ -6.093247070285962, 4.90760388766428 ], [ -6.104429092218716, 4.907038240177648 ], [ -6.115419418261464, 4.902730209686467 ], [ -6.126218221983276, 4.894680676626891 ], [ -6.137206855501859, 4.89037386381775 ], [ -6.148194613980134, 4.886067514159464 ], [ -6.157604413902501, 4.887467415943469 ], [ -6.166442143380163, 4.877644329876951 ], [ -6.181152638273574, 4.873151244988982 ], [ -6.192136894791794, 4.868846750632024 ], [ -6.203120276269619, 4.864542720325289 ], [ -6.210188595017524, 4.856687337405681 ], [ -6.232912138374363, 4.863038552042561 ], [ -6.254301171451765, 4.843217230645635 ], [ -6.265279608457114, 4.838915942371813 ], [ -6.284047406452547, 4.841710413859531 ], [ -6.284064383817483, 4.841712941848371 ], [ -6.284081361210752, 4.84171546964572 ], [ -6.284650929067009, 4.85291107246556 ], [ -6.292641451986341, 4.863698278305428 ], [ -6.307341451791487, 4.859198277855732 ], [ -6.322041451821431, 4.854698278080612 ], [ -6.336741451626576, 4.850198278305406 ], [ -6.343741452251145, 4.842398278335402 ], [ -6.362541452271181, 4.845198277955653 ], [ -6.373341452091235, 4.837098278315388 ], [ -6.395441451631584, 4.83229827842041 ], [ -6.395478255487014, 4.832347963265448 ], [ -6.403441451831476, 4.843098278240461 ], [ -6.40346783344366, 4.84309809387949 ], [ -6.403550500485139, 4.843097515622851 ], [ -6.44634145234107, 4.842798277895717 ], [ -6.455141451886398, 4.832998278100582 ], [ -6.462041452396022, 4.821398278260432 ], [ -6.464733686240503, 4.802652352009503 ], [ -6.464823955705917, 4.802634716296701 ], [ -6.471688773163248, 4.791061442509125 ], [ -6.478553945852866, 4.779489264995107 ], [ -6.477986443289613, 4.768291835877044 ], [ -6.488757932622363, 4.760266960406867 ], [ -6.50733812124718, 4.759333534270212 ], [ -6.522011551481782, 4.754855256719736 ], [ -6.53277960378556, 4.746833188955534 ], [ -6.54373559730988, 4.742542891296353 ], [ -6.56211935241609, 4.737880259921042 ], [ -6.576975434058912, 4.737134467436739 ], [ -6.584025686326239, 4.7293022996164 ], [ -6.594789154785602, 4.721284732059694 ], [ -6.609264856477864, 4.713082253997854 ], [ -6.620214752598624, 4.708795612982108 ], [ -6.631163768283216, 4.704509453103796 ], [ -6.642111903531461, 4.700223775262032 ], [ -6.660482119344252, 4.695567063224367 ], [ -6.671240023698083, 4.687555252228137 ], [ -6.682184950165265, 4.683271444976185 ], [ -6.693128996196101, 4.678988120660243 ], [ -6.71538972954227, 4.677874962314654 ], [ -6.744877281751066, 4.672664796698022 ], [ -6.778066425515, 4.667269812306969 ], [ -6.793069555305614, 4.670247972121196 ], [ -6.793077695069499, 4.670249588202957 ], [ -6.795696489391339, 4.674893160246107 ], [ -6.801253657520206, 4.684774260678559 ], [ -6.807915814553095, 4.669508100773186 ], [ -6.833488467708509, 4.660761665973119 ], [ -6.848126042872465, 4.656296450176008 ], [ -6.870173258279127, 4.651460621965164 ], [ -6.881101607543055, 4.647182270900096 ], [ -6.892029072773425, 4.642904410864823 ], [ -6.906097816850703, 4.627279389087498 ], [ -6.927387036872151, 4.607567595223301 ], [ -6.962369059174605, 4.564809022773197 ], [ -6.997350715453049, 4.52207098993923 ], [ -7.008454641158629, 4.521522865742618 ], [ -7.019742614020302, 4.524692261893392 ], [ -7.112047389365422, 4.516399366892287 ], [ -7.130352482570906, 4.511769222626512 ], [ -7.148655013607868, 4.507139789724512 ], [ -7.163258176213777, 4.502694030759898 ], [ -7.173793394939093, 4.491005114949076 ], [ -7.188209137031937, 4.482848425869179 ], [ -7.199296933396631, 4.482300801695615 ], [ -7.213894551682159, 4.477858244317552 ], [ -7.224611042255674, 4.469886841659417 ], [ -7.235511227451102, 4.465628165962087 ], [ -7.246410525914953, 4.461369995683746 ], [ -7.261002963206092, 4.45693018843248 ], [ -7.278551210359968, 4.43746730892417 ], [ -7.296282315766206, 4.42171908002652 ], [ -7.310502856411599, 4.40986510444602 ], [ -7.321213368292195, 4.401903402774828 ], [ -7.335797822301565, 4.39747090251511 ], [ -7.342815173771161, 4.389691968264763 ], [ -7.353706224552564, 4.385441631081399 ], [ -7.364596389501671, 4.381191803813699 ], [ -7.371612659086818, 4.373415126861609 ], [ -7.382683862060496, 4.37287406414174 ], [ -7.389699362725338, 4.365098701998448 ], [ -7.400404520042475, 4.357144092380956 ], [ -7.422262536077056, 4.347609927910867 ], [ -7.433349091377345, 4.347416487336019 ], [ -7.455373964027117, 4.347031649446016 ], [ -7.466620064454293, 4.35019676752183 ], [ -7.488562985483288, 4.345411299546875 ], [ -7.510866702825997, 4.348034393527477 ], [ -7.536134628316265, 4.346798361787052 ], [ -7.522624019999974, 4.36236286 ], [ -7.521366119999989, 4.363811969999894 ], [ -7.524089810000106, 4.367967129999968 ], [ -7.546247010000112, 4.380986209999904 ], [ -7.553092, 4.38631916 ], [ -7.557402130000096, 4.393475060000014 ], [ -7.55782509, 4.398766990000091 ], [ -7.55480099, 4.406107900000052 ], [ -7.540007110000118, 4.424872879999874 ], [ -7.53860807, 4.428773879999881 ], [ -7.54042006, 4.43456984 ], [ -7.540850159999973, 4.434885029999876 ], [ -7.54722308999996, 4.439520839999929 ], [ -7.552089209999973, 4.443061829999905 ], [ -7.55560303, 4.44562006000001 ], [ -7.560109140000076, 4.45386505 ], [ -7.560943129999981, 4.466660020000035 ], [ -7.559814930000069, 4.470997810000028 ], [ -7.557445050000094, 4.480113979999977 ], [ -7.55193806, 4.487846850000132 ], [ -7.551632879999964, 4.491336819999965 ], [ -7.550119880000011, 4.50864887 ], [ -7.549981120000076, 4.51021719 ], [ -7.550352099999952, 4.511318209999978 ], [ -7.554677960000117, 4.52417420999992 ], [ -7.556807040000063, 4.525397779999814 ], [ -7.558598040000014, 4.526431079999959 ], [ -7.56088209, 4.532402039999901 ], [ -7.559020040000025, 4.53699017000001 ], [ -7.552793030000032, 4.542010779999927 ], [ -7.553810119999987, 4.544639110000055 ], [ -7.556351180000092, 4.551199910000136 ], [ -7.556631089999982, 4.551922800000085 ], [ -7.553367140000105, 4.560180190000025 ], [ -7.555388929999967, 4.566631790000038 ], [ -7.555997850000079, 4.567252160000031 ], [ -7.565873150000041, 4.577276229999867 ], [ -7.567752839999958, 4.581995959999936 ], [ -7.56835699000003, 4.58350277 ], [ -7.56672287, 4.587862969999897 ], [ -7.564187050000065, 4.58968592 ], [ -7.55592918, 4.590323930000039 ], [ -7.55532503, 4.590878009999876 ], [ -7.552700039999976, 4.593292239999968 ], [ -7.551438809999983, 4.596464159999869 ], [ -7.546407219999956, 4.609119890000024 ], [ -7.548572060000108, 4.614316939999881 ], [ -7.55092382, 4.619956969999983 ], [ -7.551966190000098, 4.63675022 ], [ -7.55488491, 4.646196840000016 ], [ -7.557167050000096, 4.648512839999974 ], [ -7.56285095, 4.64908314 ], [ -7.56450081, 4.649249079999869 ], [ -7.5669632, 4.650751110000073 ], [ -7.56906795999997, 4.65203619 ], [ -7.5711112, 4.65572786 ], [ -7.568549159999943, 4.661922930000102 ], [ -7.567123889999966, 4.663083079999907 ], [ -7.564630990000026, 4.665115829999877 ], [ -7.559439180000066, 4.665678979999932 ], [ -7.556597230000111, 4.665987009999924 ], [ -7.554972169999946, 4.669196129999797 ], [ -7.558107849999956, 4.673294070000019 ], [ -7.562932969999952, 4.67959595 ], [ -7.565420149999952, 4.685359949999956 ], [ -7.563964839999976, 4.688516139999976 ], [ -7.563095089999955, 4.690402979999952 ], [ -7.55437708, 4.690808769999954 ], [ -7.55398702999997, 4.692558769999884 ], [ -7.552484989999947, 4.699306009999937 ], [ -7.55330419999996, 4.70219087999989 ], [ -7.558094020000055, 4.719118119999976 ], [ -7.557758809999942, 4.720915790000035 ], [ -7.556161880000062, 4.729481219999883 ], [ -7.555007929999974, 4.735654829999902 ], [ -7.560109140000076, 4.757437229999894 ], [ -7.561567779999972, 4.763668060000022 ], [ -7.562727929999951, 4.768619059999864 ], [ -7.562828059999976, 4.76904678 ], [ -7.558862210000022, 4.779368879999979 ], [ -7.558467860000079, 4.784444810000117 ], [ -7.558362960000103, 4.785808089999939 ], [ -7.561553959999983, 4.788815980000038 ], [ -7.56289387, 4.78917408 ], [ -7.581933980000116, 4.794233799999958 ], [ -7.590125080000082, 4.804212090000092 ], [ -7.591042040000012, 4.805328850000123 ], [ -7.590134139999943, 4.808701989999975 ], [ -7.589868070000044, 4.809690950000089 ], [ -7.589808939999948, 4.817080019999949 ], [ -7.590606210000011, 4.817385199999975 ], [ -7.592174049999972, 4.817979809999969 ], [ -7.592558860000103, 4.81936598 ], [ -7.590011119999978, 4.823260779999934 ], [ -7.583797930000063, 4.826439859999986 ], [ -7.579718354999937, 4.830700875000026 ], [ -7.579896929999968, 4.831188200000021 ], [ -7.582911970000033, 4.835933209999787 ], [ -7.586681840000026, 4.841863159999889 ], [ -7.588449, 4.849377395000076 ], [ -7.585186, 4.860712049999989 ], [ -7.589282039999961, 4.866257189999963 ], [ -7.587210179999953, 4.8676219 ], [ -7.588767049999984, 4.8752207799999 ], [ -7.587190150000072, 4.882444859999964 ], [ -7.58711195, 4.882799150000061 ], [ -7.588026049999957, 4.883954049999957 ], [ -7.589715, 4.885527129999907 ], [ -7.596232889999982, 4.891593929999971 ], [ -7.596899029999943, 4.895277020000066 ], [ -7.591788770000068, 4.905591959999988 ], [ -7.591139790000106, 4.905982019999932 ], [ -7.590913769999968, 4.90611696 ], [ -7.58418798, 4.910143850000026 ], [ -7.57776117, 4.911024090000026 ], [ -7.570674900000057, 4.90661097000001 ], [ -7.563520910000015, 4.906566140000031 ], [ -7.563308954999975, 4.906642915 ], [ -7.56005715999995, 4.917122839999976 ], [ -7.559350009999971, 4.917868139999911 ], [ -7.556591989999944, 4.920777799999783 ], [ -7.553842069999966, 4.922070980000022 ], [ -7.55176115, 4.923048020000039 ], [ -7.548361780000029, 4.922460079999979 ], [ -7.546258929999944, 4.922095780000035 ], [ -7.539410110000016, 4.916989800000067 ], [ -7.526548860000087, 4.91898012 ], [ -7.524232859999952, 4.922414780000047 ], [ -7.524372100000015, 4.925608160000039 ], [ -7.524434090000081, 4.927015779999884 ], [ -7.52647591, 4.930478099999924 ], [ -7.531556129999966, 4.933794020000015 ], [ -7.532873149999958, 4.934656139999937 ], [ -7.536499980000105, 4.94157790999995 ], [ -7.536705020000106, 4.945716860000012 ], [ -7.533905979999972, 4.952600000000118 ], [ -7.535036089999952, 4.955596920000012 ], [ -7.545234680000018, 4.96732855000009 ], [ -7.54902314999995, 4.968544009999938 ], [ -7.553222180000013, 4.969848160000019 ], [ -7.555129049999959, 4.970438 ], [ -7.556933879999988, 4.975278849999938 ], [ -7.546545980000069, 4.985332970000044 ], [ -7.54261208, 4.99105501 ], [ -7.540039060000097, 4.99885702000001 ], [ -7.540411, 5.000000949999979 ], [ -7.542063240000068, 5.005078790000013 ], [ -7.547605990000022, 5.012215140000016 ], [ -7.549623010000023, 5.01481485 ], [ -7.55139399, 5.01709222999996 ], [ -7.552289010000074, 5.020549770000045 ], [ -7.550563809999971, 5.026951790000041 ], [ -7.549940109999969, 5.02927208 ], [ -7.545510769999947, 5.035627839999989 ], [ -7.543017860000095, 5.039204119999951 ], [ -7.542759899999979, 5.039574150000014 ], [ -7.543274879999956, 5.040469169999902 ], [ -7.548435209999976, 5.049497130000013 ], [ -7.547492030000097, 5.053628919999838 ], [ -7.54835557999996, 5.05834007 ], [ -7.54882097, 5.058823109999906 ], [ -7.554088119999985, 5.063098910000107 ], [ -7.555890080000044, 5.067937849999915 ], [ -7.554711819999987, 5.072989940000035 ], [ -7.554442880000028, 5.073606010000027 ], [ -7.553315159999979, 5.076199049999815 ], [ -7.547318939999986, 5.080761910000049 ], [ -7.544805050000086, 5.084764 ], [ -7.543456080000027, 5.086911199999918 ], [ -7.543148040000119, 5.08740377 ], [ -7.53776884000002, 5.090793130000037 ], [ -7.535801889999988, 5.092032910000121 ], [ -7.53458691, 5.093193050000011 ], [ -7.528233050000082, 5.09925317999987 ], [ -7.52607012, 5.102701190000055 ], [ -7.520237919999989, 5.105403900000034 ], [ -7.518243790000017, 5.10632992 ], [ -7.517099859999959, 5.105792049999913 ], [ -7.51527214, 5.10493182999997 ], [ -7.511657240000119, 5.097376819999965 ], [ -7.51100134499994, 5.096010925000016 ], [ -7.509572029999983, 5.095284940000077 ], [ -7.505476, 5.093372819999871 ], [ -7.503057959999953, 5.094892979999884 ], [ -7.50040913, 5.096560959999962 ], [ -7.497058869999989, 5.102571010000034 ], [ -7.495299820000017, 5.105722899999961 ], [ -7.49432182000001, 5.107172970000036 ], [ -7.485547069999981, 5.120183940000011 ], [ -7.485064029999982, 5.120779040000045 ], [ -7.481871130000034, 5.12472390999995 ], [ -7.47925520000004, 5.133861059999944 ], [ -7.477191930000032, 5.141058919999971 ], [ -7.476941109999974, 5.141935830000051 ], [ -7.470920089999971, 5.150407789999988 ], [ -7.468768120000085, 5.163957119999914 ], [ -7.468636040000082, 5.170425890000018 ], [ -7.468584059999955, 5.173041819999924 ], [ -7.468431, 5.180511 ], [ -7.472052100000109, 5.188120839999939 ], [ -7.470560070000115, 5.190477849999915 ], [ -7.468013760000108, 5.19448708999991 ], [ -7.46756314999995, 5.195195199999965 ], [ -7.466436860000019, 5.196533199999919 ], [ -7.467171190000027, 5.20357609 ], [ -7.46735286999996, 5.205335140000066 ], [ -7.474167820000016, 5.216186050000012 ], [ -7.475038049999988, 5.2240099899998 ], [ -7.4704051, 5.230876919999893 ], [ -7.46555900999995, 5.233437059999979 ], [ -7.463952059999951, 5.234284879999962 ], [ -7.460528849999953, 5.242890830000057 ], [ -7.459753989999967, 5.244834899999972 ], [ -7.459556100000025, 5.248124119999986 ], [ -7.459375859999945, 5.2510891 ], [ -7.459240910000059, 5.253337859999895 ], [ -7.46028996, 5.255690100000095 ], [ -7.462027070000104, 5.259581089999983 ], [ -7.462635039999959, 5.260945800000016 ], [ -7.471787930000012, 5.265697960000011 ], [ -7.467322829999961, 5.281209949999976 ], [ -7.461565969999967, 5.276083949999951 ], [ -7.458147049999969, 5.273038860000064 ], [ -7.456141950000067, 5.271252160000024 ], [ -7.449420929999967, 5.281325819999971 ], [ -7.444355960000109, 5.28382206 ], [ -7.43516922, 5.284680839999922 ], [ -7.423852920000012, 5.29541779000003 ], [ -7.417181970000058, 5.297671789999924 ], [ -7.413287159999943, 5.296956059999943 ], [ -7.412942890000057, 5.296387200000041 ], [ -7.410789010000013, 5.29280186000004 ], [ -7.413599009999988, 5.283854009999985 ], [ -7.417974949999945, 5.28158379 ], [ -7.422565940000108, 5.281383040000087 ], [ -7.423785210000094, 5.27974176 ], [ -7.42511415, 5.277947899999987 ], [ -7.418893809999943, 5.266819 ], [ -7.418536190000019, 5.266180989999924 ], [ -7.422228335000064, 5.258222580000023 ], [ -7.421360019999984, 5.255393979999845 ], [ -7.415398119999988, 5.25443506 ], [ -7.40754604, 5.26174212 ], [ -7.403141020000042, 5.26884079 ], [ -7.402187819999956, 5.272309779999958 ], [ -7.400744920000029, 5.277558800000037 ], [ -7.400554179999968, 5.278252119999934 ], [ -7.39294815, 5.283030989999922 ], [ -7.390153880000089, 5.287365910000041 ], [ -7.38970280000007, 5.28806782000003 ], [ -7.389974119999959, 5.304056169999882 ], [ -7.390035150000035, 5.307610990000107 ], [ -7.386115070000049, 5.310115809999878 ], [ -7.384945870000031, 5.308693889999915 ], [ -7.38269901000011, 5.305953979999963 ], [ -7.379940990000083, 5.30685711 ], [ -7.372855190000088, 5.315742969999981 ], [ -7.365112780000032, 5.327681060000089 ], [ -7.365200039999969, 5.328320030000022 ], [ -7.365769859999954, 5.332512860000016 ], [ -7.372878070000116, 5.333712099999943 ], [ -7.377439020000015, 5.338109020000033 ], [ -7.377758029999942, 5.339523789999944 ], [ -7.379004, 5.345059869999879 ], [ -7.380340099999977, 5.351004119999921 ], [ -7.379743099999963, 5.35381222 ], [ -7.379035950000073, 5.357141969999908 ], [ -7.378681180000029, 5.358809949999987 ], [ -7.379319189999972, 5.366630079999986 ], [ -7.376173969999972, 5.375267979999883 ], [ -7.374641899999951, 5.37947511999991 ], [ -7.375082019999951, 5.38036823 ], [ -7.37668419, 5.383626939999886 ], [ -7.381278989999945, 5.38296604 ], [ -7.385622980000011, 5.378869059999943 ], [ -7.38635921, 5.378170969999914 ], [ -7.387651920000021, 5.36912823 ], [ -7.387804030000083, 5.368064880000041 ], [ -7.391989229999979, 5.359815120000107 ], [ -7.39452505, 5.358222010000013 ], [ -7.398417949999963, 5.359168050000036 ], [ -7.402644160000055, 5.366323949999973 ], [ -7.403185840000109, 5.3672452 ], [ -7.41874789999995, 5.374701979999948 ], [ -7.42465782, 5.383477210000017 ], [ -7.428915019999987, 5.399827959999925 ], [ -7.434134010000065, 5.409058089999974 ], [ -7.44484900999996, 5.420853140000055 ], [ -7.446177009999971, 5.427989010000019 ], [ -7.444921969999957, 5.431804180000029 ], [ -7.444279189999975, 5.433759209999963 ], [ -7.44383717, 5.435099119999897 ], [ -7.442844869999959, 5.435820100000129 ], [ -7.440377240000068, 5.43760586 ], [ -7.43354607, 5.428826809999883 ], [ -7.424159050000117, 5.42508697999989 ], [ -7.418652060000102, 5.424822809999974 ], [ -7.415866850000047, 5.42940377999993 ], [ -7.41523409, 5.432220939999965 ], [ -7.413517, 5.439846989999985 ], [ -7.413864139999987, 5.441522119999938 ], [ -7.416398049999945, 5.453774929999973 ], [ -7.421844959999962, 5.463234900000032 ], [ -7.423173899999963, 5.470602040000038 ], [ -7.421059129999957, 5.478634829999962 ], [ -7.416204929999953, 5.483661169999905 ], [ -7.404708860000092, 5.486345769999986 ], [ -7.40430307, 5.486744879999968 ], [ -7.403955939999967, 5.487086770000104 ], [ -7.402625079999986, 5.488401889999849 ], [ -7.40063286, 5.498064990000017 ], [ -7.40025997000005, 5.499875069999945 ], [ -7.400020120000011, 5.501028060000046 ], [ -7.39679098, 5.50353718 ], [ -7.393019200000111, 5.503675940000015 ], [ -7.391508100000049, 5.503733160000046 ], [ -7.391022210000081, 5.504426 ], [ -7.389421940000013, 5.506708149999902 ], [ -7.391920090000031, 5.511089799999887 ], [ -7.400843139999985, 5.515747069999939 ], [ -7.402887819999965, 5.518978120000028 ], [ -7.400826929999976, 5.520577909999879 ], [ -7.399655820000067, 5.521488189999879 ], [ -7.39282703000011, 5.520071980000026 ], [ -7.38360786, 5.51816511 ], [ -7.380379200000014, 5.52044201 ], [ -7.379509930000033, 5.522363189999886 ], [ -7.378513809999948, 5.524569029999881 ], [ -7.380094049999958, 5.529174800000114 ], [ -7.38587189, 5.533574100000045 ], [ -7.39197301999997, 5.538218979999961 ], [ -7.396749969999977, 5.544686789999894 ], [ -7.394336220000103, 5.550547119999926 ], [ -7.394029140000097, 5.551293849999979 ], [ -7.393642900000113, 5.552230829999878 ], [ -7.392786030000092, 5.554316040000103 ], [ -7.395647050000115, 5.572957039999878 ], [ -7.394239899999949, 5.577314850000022 ], [ -7.391929149999982, 5.57982922000005 ], [ -7.391127109999967, 5.579682830000017 ], [ -7.381381990000119, 5.577920909999989 ], [ -7.374031069999948, 5.57833384999978 ], [ -7.372923850000085, 5.580119129999972 ], [ -7.371479030000089, 5.582455159999988 ], [ -7.377830980000027, 5.594220159999892 ], [ -7.37847805, 5.60043191999987 ], [ -7.37829113, 5.601221079999881 ], [ -7.375171179999956, 5.614432809999947 ], [ -7.37878609, 5.623882769999973 ], [ -7.395197869999986, 5.632649900000082 ], [ -7.396833900000082, 5.637331959999969 ], [ -7.397295, 5.637965199999961 ], [ -7.40398216, 5.64722109 ], [ -7.40434599, 5.647725109999968 ], [ -7.409318919999969, 5.659482959999906 ], [ -7.41176891, 5.67121982999997 ], [ -7.415872100000037, 5.675845149999958 ], [ -7.417152879999961, 5.690793040000052 ], [ -7.42631197, 5.694530959999888 ], [ -7.428592210000101, 5.69753504000002 ], [ -7.428820130000041, 5.712744239999978 ], [ -7.4288401600001, 5.714063170000038 ], [ -7.428913120000097, 5.718915939999924 ], [ -7.433667179999986, 5.729290010000028 ], [ -7.436097150000048, 5.74447584 ], [ -7.441318040000105, 5.753704069999984 ], [ -7.438295839999981, 5.758971209999871 ], [ -7.42927504000011, 5.768798829999973 ], [ -7.427400109999965, 5.775221819999928 ], [ -7.428965089999956, 5.781208989999882 ], [ -7.435789109999963, 5.791596889999894 ], [ -7.439206120000069, 5.796216959999889 ], [ -7.439177990000051, 5.800353999999885 ], [ -7.430801870000053, 5.816850190000011 ], [ -7.429786210000039, 5.832013130000135 ], [ -7.42673397, 5.834346770000039 ], [ -7.422628879999987, 5.837482929999915 ], [ -7.422535900000021, 5.839540960000107 ], [ -7.422359940000028, 5.843457219999955 ], [ -7.426928039999986, 5.843345169999836 ], [ -7.429820774999968, 5.843329429999955 ], [ -7.436351780000066, 5.846536159999978 ], [ -7.439510819999967, 5.855060100000038 ], [ -7.445180890000064, 5.8608079 ], [ -7.445671079999943, 5.861307139999916 ], [ -7.449642179999977, 5.858202930000019 ], [ -7.45121193, 5.856974120000046 ], [ -7.455113890000092, 5.857460019999927 ], [ -7.455566880000092, 5.858611109999956 ], [ -7.457369085, 5.859207865000037 ], [ -7.46202898, 5.86075115 ], [ -7.463357930000086, 5.861190799999967 ], [ -7.466814990000042, 5.85960388000003 ], [ -7.468688010000029, 5.853869920000065 ], [ -7.468274120000068, 5.847200869999909 ], [ -7.471537110000043, 5.83986712 ], [ -7.469055179999945, 5.832726960000045 ], [ -7.469302179999953, 5.832207199999935 ], [ -7.473711970000046, 5.82287215999991 ], [ -7.475480079999969, 5.811435219999879 ], [ -7.475627899999942, 5.81047106000004 ], [ -7.478493210000053, 5.810887809999976 ], [ -7.480428220000018, 5.811168189999989 ], [ -7.483890060000014, 5.81167221000004 ], [ -7.490516190000079, 5.817002770000023 ], [ -7.491695879999988, 5.818923949999906 ], [ -7.49185801000008, 5.81918812 ], [ -7.49517393, 5.824587820000026 ], [ -7.49850178, 5.830002780000065 ], [ -7.499988079999969, 5.832423209999959 ], [ -7.502563, 5.836615090000052 ], [ -7.506226059999982, 5.83847712999993 ], [ -7.509743210000025, 5.83856821 ], [ -7.517938139999952, 5.838781829999917 ], [ -7.519526959999961, 5.841320990000042 ], [ -7.516242980000026, 5.843450069999896 ], [ -7.512146950000048, 5.846100810000017 ], [ -7.51074505000005, 5.850227829999987 ], [ -7.512333869999971, 5.85531521 ], [ -7.512544160000051, 5.85598707 ], [ -7.51918507, 5.859015939999964 ], [ -7.525499819999975, 5.853319169999878 ], [ -7.526884080000112, 5.852071759999966 ], [ -7.52980995, 5.849430079999969 ], [ -7.538081170000016, 5.84948301 ], [ -7.53823613999996, 5.843731880000036 ], [ -7.538380149999973, 5.838451859999971 ], [ -7.539782049999971, 5.834782119999915 ], [ -7.5406251, 5.834821220000038 ], [ -7.542366030000075, 5.834898949999989 ], [ -7.545751090000024, 5.835051060000048 ], [ -7.548686029999946, 5.842882160000073 ], [ -7.552358150000021, 5.847198960000021 ], [ -7.553433899999945, 5.848464009999887 ], [ -7.554386140000041, 5.84958506 ], [ -7.555982110000109, 5.85514021 ], [ -7.557756900000051, 5.861327169999882 ], [ -7.558777810000056, 5.861880780000128 ], [ -7.561192040000059, 5.863189219999938 ], [ -7.567390919999944, 5.864208219999966 ], [ -7.569909100000022, 5.86462306999983 ], [ -7.571949009999962, 5.86877298 ], [ -7.568706039999956, 5.87335014 ], [ -7.553341870000057, 5.86934519 ], [ -7.55262708999998, 5.873476980000099 ], [ -7.559792039999952, 5.88103294 ], [ -7.5692668, 5.891025070000133 ], [ -7.57521486, 5.897294040000041 ], [ -7.583921910000107, 5.900796890000059 ], [ -7.591958050000041, 5.901075839999777 ], [ -7.59357594999997, 5.89947796 ], [ -7.596158030000094, 5.890759940000045 ], [ -7.596807959999957, 5.890291209999987 ], [ -7.599617960000021, 5.888253210000023 ], [ -7.60236215999997, 5.890569209999981 ], [ -7.60345793000004, 5.89473294999997 ], [ -7.60460186000001, 5.899086 ], [ -7.606777189999963, 5.89796019 ], [ -7.608983040000044, 5.89681578 ], [ -7.611505990000072, 5.897292139999976 ], [ -7.613114829999962, 5.904582979999972 ], [ -7.613739010000092, 5.907417769999952 ], [ -7.622931, 5.90701485000001 ], [ -7.630002980000011, 5.908695219999956 ], [ -7.63187504, 5.90913916 ], [ -7.635241029999978, 5.90875578 ], [ -7.63761997, 5.908486839999945 ], [ -7.64492702, 5.915655139999842 ], [ -7.647199149999967, 5.916557789999921 ], [ -7.64905024, 5.91728878 ], [ -7.650692939999942, 5.91669178 ], [ -7.65391397, 5.915521140000124 ], [ -7.655264849999948, 5.915030959999889 ], [ -7.65962791, 5.91574621 ], [ -7.660293099999965, 5.919657230000041 ], [ -7.657680990000021, 5.933201789999927 ], [ -7.657867909999943, 5.939868929999925 ], [ -7.65972281000003, 5.947004799999974 ], [ -7.660562040000013, 5.950230119999944 ], [ -7.663312910000069, 5.950706009999969 ], [ -7.669539929999974, 5.947296140000013 ], [ -7.673748969999977, 5.93514013 ], [ -7.680682179999959, 5.928287979999965 ], [ -7.6820879, 5.923240180000022 ], [ -7.675990099999957, 5.906882759999917 ], [ -7.676929, 5.90344094999989 ], [ -7.679932120000071, 5.900931840000034 ], [ -7.68429708, 5.900729179999963 ], [ -7.692998890000041, 5.904920099999977 ], [ -7.697301860000088, 5.907927039999905 ], [ -7.707918170000077, 5.915340900000132 ], [ -7.713582040000016, 5.919294829999984 ], [ -7.717759129999951, 5.926808829999885 ], [ -7.718582150000014, 5.928287979999965 ], [ -7.72566795, 5.933619019999988 ], [ -7.73942518, 5.937839979999914 ], [ -7.742073059999971, 5.940004829999978 ], [ -7.755246159999945, 5.95077895999988 ], [ -7.758396149999985, 5.953353879999945 ], [ -7.760320190000019, 5.957589150000075 ], [ -7.761117939999945, 5.959345820000024 ], [ -7.763574119999955, 5.970850940000105 ], [ -7.766077040000013, 5.974775789999953 ], [ -7.773294930000102, 5.97723102999997 ], [ -7.78257989999998, 5.980389120000062 ], [ -7.783521179999969, 5.980947969999939 ], [ -7.788074970000075, 5.9836421 ], [ -7.788640020000109, 5.98514795 ], [ -7.791012760000054, 5.99147320000003 ], [ -7.789610859999968, 5.99514198 ], [ -7.7883811, 5.996530060000012 ], [ -7.783770079999957, 6.001721859999883 ], [ -7.779666900000098, 6.006343840000035 ], [ -7.78145218000002, 6.009970189999876 ], [ -7.784430980000018, 6.016026020000098 ], [ -7.781415939999953, 6.020833020000012 ], [ -7.77104807, 6.02605390999998 ], [ -7.7688207600001, 6.030836109999981 ], [ -7.768486020000026, 6.031556129999871 ], [ -7.772572039999975, 6.039395809999888 ], [ -7.77805805000003, 6.044486049999975 ], [ -7.790420059999953, 6.051225189999975 ], [ -7.791797159999941, 6.05437183 ], [ -7.793138979999942, 6.057446959999979 ], [ -7.792891029999943, 6.060893059999913 ], [ -7.789013859999955, 6.067741869999928 ], [ -7.78731584999997, 6.070741180000027 ], [ -7.786832809999972, 6.074872969999944 ], [ -7.787746910000021, 6.076080799999872 ], [ -7.78934478999998, 6.078188899999944 ], [ -7.79314184, 6.08319712 ], [ -7.796636100000015, 6.087804789999936 ], [ -7.80212116000008, 6.092202189999895 ], [ -7.80281687000009, 6.092082980000065 ], [ -7.8060298, 6.091536050000023 ], [ -7.807078839999942, 6.08498383000012 ], [ -7.807464120000024, 6.08258104 ], [ -7.809516910000053, 6.084177019999977 ], [ -7.810810090000025, 6.08517981 ], [ -7.81821012, 6.090918059999872 ], [ -7.823942179999982, 6.093023779999925 ], [ -7.828310970000057, 6.0925889 ], [ -7.830863950000083, 6.090788840000016 ], [ -7.831541060000063, 6.090310099999925 ], [ -7.831710820000076, 6.089397909999946 ], [ -7.834147930000018, 6.076537129999878 ], [ -7.843367099999959, 6.071994780000011 ], [ -7.843763830000011, 6.074151039999897 ], [ -7.844254020000069, 6.076827049999977 ], [ -7.841907980000023, 6.085085869999951 ], [ -7.842577929999944, 6.088078979999885 ], [ -7.843204980000046, 6.088395119999845 ], [ -7.84715891, 6.090401169999915 ], [ -7.847754000000112, 6.092342849999895 ], [ -7.84828805999998, 6.09408617 ], [ -7.848174100000055, 6.096018790000024 ], [ -7.847343920000021, 6.109972 ], [ -7.84694480999995, 6.116676810000065 ], [ -7.846210959999983, 6.129025939999984 ], [ -7.845733169999974, 6.137045859999908 ], [ -7.846385, 6.143484119999975 ], [ -7.84466219, 6.148186209999828 ], [ -7.844283099999988, 6.149216179999961 ], [ -7.83366919000002, 6.156507020000042 ], [ -7.83231115000001, 6.158742900000036 ], [ -7.83158207, 6.159942149999964 ], [ -7.8352170000001, 6.166628839999888 ], [ -7.834942819999974, 6.168707849999954 ], [ -7.834012990000044, 6.175814150000043 ], [ -7.834414960000085, 6.176346779999882 ], [ -7.836040019999984, 6.178501130000058 ], [ -7.84062290000001, 6.184584140000126 ], [ -7.838933939999976, 6.1861572299999 ], [ -7.836696150000094, 6.188240049999926 ], [ -7.832789900000098, 6.188214779999875 ], [ -7.823830129999948, 6.187932009999926 ], [ -7.822850229999961, 6.188392159999985 ], [ -7.821849819999965, 6.18885993999988 ], [ -7.818992140000042, 6.190199850000077 ], [ -7.819365020000074, 6.191016200000028 ], [ -7.820580010000061, 6.19365978 ], [ -7.831087109999984, 6.20487309 ], [ -7.84140205, 6.215880869999879 ], [ -7.854143140000019, 6.229475980000039 ], [ -7.862854, 6.232513900000043 ], [ -7.876364229999982, 6.240636829999964 ], [ -7.881144050000049, 6.24847697999985 ], [ -7.889852049999973, 6.252436159999874 ], [ -7.89439201, 6.261425020000033 ], [ -7.897140980000078, 6.269704819999966 ], [ -7.899589059999951, 6.27708101 ], [ -7.901638030000019, 6.279850009999961 ], [ -7.90635108999998, 6.27920508499998 ], [ -7.908500190000073, 6.273355959999989 ], [ -7.90950488999998, 6.270475860000076 ], [ -7.913412089999966, 6.270729059999887 ], [ -7.914483070000028, 6.277401920000088 ], [ -7.915406230000027, 6.283147809999889 ], [ -7.917452809999986, 6.286606790000093 ], [ -7.918172839999965, 6.28693104 ], [ -7.921577929999973, 6.288468839999972 ], [ -7.924674989999986, 6.280447009999975 ], [ -7.926712990000034, 6.275170799999962 ], [ -7.932446960000089, 6.276813979999936 ], [ -7.940649990000065, 6.289268969999917 ], [ -7.944452760000026, 6.292109009999976 ], [ -7.944993970000041, 6.29251289000009 ], [ -7.946753030000014, 6.29160117999988 ], [ -7.949376110000067, 6.290239810000038 ], [ -7.955172060000098, 6.281540869999979 ], [ -7.959087850000085, 6.279493809999977 ], [ -7.96528196000002, 6.281139849999924 ], [ -7.968204019999941, 6.292874809999923 ], [ -7.971191879999978, 6.292202950000025 ], [ -7.975123880000062, 6.28832102 ], [ -7.979455949999942, 6.293629169999988 ], [ -7.983585829999967, 6.29526280999989 ], [ -7.987754819999942, 6.28954314999995 ], [ -7.991189, 6.291861060000066 ], [ -7.99205589000001, 6.300597190000012 ], [ -8.000032419999986, 6.312130929999881 ], [ -8.005302430000022, 6.315148829999913 ], [ -8.029920579999988, 6.309774879999807 ], [ -8.039744379999952, 6.308956149999922 ], [ -8.040267940000017, 6.308913229999924 ], [ -8.045798300000012, 6.30539607999988 ], [ -8.050647739999977, 6.302310939999877 ], [ -8.057085989999951, 6.301428789999981 ], [ -8.06536388, 6.300784110000109 ], [ -8.073433879999975, 6.295775889999888 ], [ -8.080092429999969, 6.296732899999931 ], [ -8.087398530000073, 6.299733160000109 ], [ -8.090869900000058, 6.301157 ], [ -8.095435139999957, 6.292870039999976 ], [ -8.096674919999952, 6.290620799999942 ], [ -8.100364689999978, 6.288343910000023 ], [ -8.105050090000049, 6.288784030000024 ], [ -8.108173370000099, 6.289075849999925 ], [ -8.11212254, 6.28577805000009 ], [ -8.118562700000048, 6.28040314 ], [ -8.123622890000043, 6.279284 ], [ -8.12731456999996, 6.279903889999801 ], [ -8.133496280000024, 6.280945780000032 ], [ -8.142244339999976, 6.278237820000065 ], [ -8.14529133000002, 6.278213019999875 ], [ -8.158559799999981, 6.278099060000038 ], [ -8.16707897, 6.27492904999994 ], [ -8.169740679999965, 6.27534199 ], [ -8.171671869999969, 6.27564478 ], [ -8.1746006, 6.285998819999882 ], [ -8.177872660000013, 6.288574219999987 ], [ -8.178285599999985, 6.28889798999986 ], [ -8.182836529999943, 6.292480949999934 ], [ -8.185007099999947, 6.295532230000063 ], [ -8.188081739999969, 6.29986286000009 ], [ -8.18919754, 6.300590040000039 ], [ -8.193321230000056, 6.303284170000019 ], [ -8.195178990000112, 6.304495809999906 ], [ -8.196500780000054, 6.302929880000015 ], [ -8.19865036, 6.300377849999983 ], [ -8.201869959999947, 6.300168040000031 ], [ -8.203450199999956, 6.303372859999897 ], [ -8.206187250000024, 6.30892181 ], [ -8.207859990000049, 6.307331089999934 ], [ -8.212192540000057, 6.303211209999844 ], [ -8.216785430000023, 6.30369616 ], [ -8.241062159999984, 6.318532939999876 ], [ -8.2463522, 6.317872049999906 ], [ -8.252083780000024, 6.320203780000099 ], [ -8.259680749999948, 6.318175789999898 ], [ -8.26005173, 6.318219180000028 ], [ -8.272309299999986, 6.31962299 ], [ -8.274027819999979, 6.319732189999982 ], [ -8.276215549999982, 6.319873809999883 ], [ -8.276600839999976, 6.320262909999926 ], [ -8.27964591999995, 6.323339939999883 ], [ -8.277468680000016, 6.325616840000066 ], [ -8.275713920000044, 6.327454090000025 ], [ -8.26926708000007, 6.329717159999959 ], [ -8.267189979999984, 6.331775189999888 ], [ -8.266937259999946, 6.335679049999953 ], [ -8.267727849999989, 6.336625099999893 ], [ -8.269449229999953, 6.33867884 ], [ -8.275197030000086, 6.33847999999989 ], [ -8.277248380000085, 6.341249939999926 ], [ -8.278632160000093, 6.343647000000104 ], [ -8.278800009999948, 6.34393883 ], [ -8.280437469999985, 6.346780780000046 ], [ -8.296744350000079, 6.348247049999955 ], [ -8.298377989999977, 6.343660829999827 ], [ -8.300684929999985, 6.342292790000059 ], [ -8.302970889999944, 6.344604019999885 ], [ -8.307218549999945, 6.355492119999894 ], [ -8.308275224999978, 6.357877969999947 ], [ -8.312108040000027, 6.354531760000015 ], [ -8.31647015, 6.355475899999973 ], [ -8.32355404, 6.36286688 ], [ -8.333408360000099, 6.36797189999988 ], [ -8.339074130000018, 6.372599120000018 ], [ -8.339359279999986, 6.37283182 ], [ -8.342596050000012, 6.369171139999807 ], [ -8.34376717000001, 6.36606693 ], [ -8.345626829999958, 6.361145969999981 ], [ -8.35251236, 6.362792020000015 ], [ -8.355044359999969, 6.361886979999916 ], [ -8.358522419999975, 6.35616016 ], [ -8.361738199999952, 6.356406210000031 ], [ -8.364063260000037, 6.359801769999869 ], [ -8.365483280000024, 6.361876009999989 ], [ -8.365842820000019, 6.362401960000071 ], [ -8.369277950000026, 6.364717960000029 ], [ -8.371815679999944, 6.362892150000043 ], [ -8.37266445, 6.358633039999894 ], [ -8.373231889999971, 6.355776789999908 ], [ -8.380352019999965, 6.356503960000033 ], [ -8.383856769999959, 6.350017069999943 ], [ -8.384223940000052, 6.349338049999986 ], [ -8.385924339999967, 6.346192839999986 ], [ -8.392355920000011, 6.346687789999905 ], [ -8.396906850000057, 6.354983810000022 ], [ -8.39912127999996, 6.356710910000018 ], [ -8.41201401, 6.36677980000001 ], [ -8.40510082, 6.369962219999799 ], [ -8.39959239999995, 6.37011719 ], [ -8.398206709999961, 6.370155809999922 ], [ -8.39596844000004, 6.371984 ], [ -8.3928957, 6.374493119999968 ], [ -8.390993119999962, 6.374545099999914 ], [ -8.386001589999964, 6.374683859999941 ], [ -8.38405322999996, 6.378120900000013 ], [ -8.382754330000047, 6.380414009999946 ], [ -8.392560960000012, 6.394481180000085 ], [ -8.392928120000015, 6.399730209999987 ], [ -8.3934164, 6.406662940000018 ], [ -8.398378369999953, 6.421195030000078 ], [ -8.399072650000022, 6.423234939999844 ], [ -8.399428369999967, 6.423189159999787 ], [ -8.407353399999945, 6.422129149999918 ], [ -8.40824604, 6.426960950000023 ], [ -8.40587996999998, 6.430952070000025 ], [ -8.399890899999956, 6.43283892 ], [ -8.389858249999943, 6.43599796 ], [ -8.387351040000063, 6.43972205999993 ], [ -8.386343959999959, 6.44121504 ], [ -8.385993, 6.441737169999861 ], [ -8.385984420000053, 6.443525789999882 ], [ -8.385976789999955, 6.444933889999945 ], [ -8.390735630000062, 6.446546080000026 ], [ -8.393641470000063, 6.447529790000061 ], [ -8.414052959999957, 6.459775919999984 ], [ -8.427115440000016, 6.470387940000066 ], [ -8.436023710000079, 6.480342860000043 ], [ -8.448696140000106, 6.487139229999805 ], [ -8.451657300000065, 6.488729949999971 ], [ -8.455496789999955, 6.488746169999978 ], [ -8.457743640000054, 6.486835960000022 ], [ -8.45654297, 6.471159929999899 ], [ -8.458827019999987, 6.461895939999891 ], [ -8.46622658, 6.452974799999922 ], [ -8.467836380000065, 6.449141979999958 ], [ -8.469574930000118, 6.434401990000012 ], [ -8.47350025, 6.430744169999791 ], [ -8.481078150000037, 6.432161810000025 ], [ -8.4833889, 6.429647920000036 ], [ -8.48460388, 6.430140019999982 ], [ -8.49026966, 6.432442190000039 ], [ -8.502264979999957, 6.443562030000038 ], [ -8.504222870000039, 6.445378780000077 ], [ -8.51564598000008, 6.458764080000108 ], [ -8.527956009999965, 6.478582860000081 ], [ -8.540527340000065, 6.492204189999924 ], [ -8.546765330000078, 6.49477386 ], [ -8.54786587000001, 6.495227809999989 ], [ -8.56050777, 6.495790959999958 ], [ -8.565333369999944, 6.49600506 ], [ -8.567047119999987, 6.49691009999983 ], [ -8.57060527999996, 6.498789790000011 ], [ -8.580656049999963, 6.495350840000043 ], [ -8.581195829999949, 6.495165820000011 ], [ -8.585100169999965, 6.495874880000059 ], [ -8.592444420000117, 6.498438839999842 ], [ -8.5936861, 6.499733920000061 ], [ -8.599302290000082, 6.505596159999889 ], [ -8.598243710000069, 6.508233070000024 ], [ -8.591851230000064, 6.524168009999897 ], [ -8.587243080000079, 6.526443 ], [ -8.584719660000101, 6.525510789999885 ], [ -8.583922389999948, 6.524676799999803 ], [ -8.578317640000105, 6.518816949999902 ], [ -8.571894649999972, 6.518783089999943 ], [ -8.568662639999985, 6.518766880000022 ], [ -8.565369610000101, 6.528598790000039 ], [ -8.562594409999985, 6.536886219999978 ], [ -8.555942540000011, 6.544197080000032 ], [ -8.554272650000044, 6.546033859999952 ], [ -8.555407519999974, 6.548793789999962 ], [ -8.562984470000018, 6.550899979999969 ], [ -8.563659670000018, 6.553202150000025 ], [ -8.562904359999962, 6.55526018000004 ], [ -8.560628890000071, 6.561457160000039 ], [ -8.556248660000026, 6.563961980000073 ], [ -8.546603199999986, 6.562304969999843 ], [ -8.53973866, 6.55606699 ], [ -8.53783321, 6.556692119999951 ], [ -8.536975860000023, 6.556972030000018 ], [ -8.526900290000011, 6.570181849999919 ], [ -8.52632809, 6.570931909999985 ], [ -8.531127930000043, 6.576700209999949 ], [ -8.530358309999958, 6.592089179999945 ], [ -8.533297540000056, 6.601521969999979 ], [ -8.533058169999968, 6.60302401 ], [ -8.53282356, 6.604506019999874 ], [ -8.528667449999944, 6.60816096999995 ], [ -8.52138901, 6.601257799999971 ], [ -8.521116259999989, 6.600999830000028 ], [ -8.522087100000025, 6.59707594 ], [ -8.522761339999946, 6.594347949999964 ], [ -8.52116585, 6.591582779999968 ], [ -8.513337140000093, 6.593839170000059 ], [ -8.508763310000017, 6.589451789999956 ], [ -8.50622368000003, 6.591275220000099 ], [ -8.504122730000013, 6.597695830000035 ], [ -8.504245760000067, 6.598415849999924 ], [ -8.505683899999955, 6.606894019999842 ], [ -8.503819469999968, 6.611938 ], [ -8.50284195, 6.612679 ], [ -8.499895100000071, 6.61490488 ], [ -8.49722576000001, 6.615405079999903 ], [ -8.493911739999987, 6.616024020000133 ], [ -8.49162387999996, 6.61417389 ], [ -8.491725919999965, 6.612042899999892 ], [ -8.491769790000042, 6.611189840000094 ], [ -8.491881369999948, 6.608891009999958 ], [ -8.489818570000068, 6.607273100000121 ], [ -8.48797703000011, 6.607954029999881 ], [ -8.482206340000037, 6.612747189999901 ], [ -8.48258686, 6.613639830000125 ], [ -8.485157970000095, 6.619655130000012 ], [ -8.484954830000074, 6.620539190000059 ], [ -8.484685900000116, 6.621719839999962 ], [ -8.48237324, 6.62469387 ], [ -8.476161959999967, 6.625350950000019 ], [ -8.474840160000024, 6.628416059999964 ], [ -8.473103519999952, 6.632450099999964 ], [ -8.47290325, 6.632915020000063 ], [ -8.470373150000082, 6.63336182 ], [ -8.464656830000067, 6.627358909999977 ], [ -8.463649750000052, 6.630328179999985 ], [ -8.462555889999962, 6.633551120000114 ], [ -8.462196349999967, 6.633773799999972 ], [ -8.460709569999963, 6.634687900000024 ], [ -8.45290089000002, 6.633271220000047 ], [ -8.448979380000093, 6.636007789999809 ], [ -8.447915079999962, 6.639488220000011 ], [ -8.447574619999948, 6.640594010000022 ], [ -8.448019029999948, 6.644110199999986 ], [ -8.448678020000028, 6.649329189999882 ], [ -8.446993829999943, 6.654407019999915 ], [ -8.4474678, 6.654881 ], [ -8.4431076, 6.65940809 ], [ -8.439889909999959, 6.659619810000102 ], [ -8.435315129999982, 6.654774190000012 ], [ -8.432559970000014, 6.654297830000033 ], [ -8.430480959999947, 6.656126020000038 ], [ -8.429993630000038, 6.657491210000018 ], [ -8.429668430000042, 6.658407209999872 ], [ -8.42927264999998, 6.659516810000021 ], [ -8.426012040000025, 6.66867208 ], [ -8.425580979999975, 6.66988516 ], [ -8.42304039, 6.672165869999979 ], [ -8.42104816, 6.670824049999887 ], [ -8.420412059999954, 6.670395849999984 ], [ -8.4182291, 6.668924810000043 ], [ -8.41500568, 6.669598100000059 ], [ -8.408985139999952, 6.677836889999888 ], [ -8.404377939999957, 6.679420950000036 ], [ -8.401832580000029, 6.68239307000001 ], [ -8.401950839999955, 6.682723049999957 ], [ -8.40455246, 6.689989089999855 ], [ -8.403637890000098, 6.691993240000038 ], [ -8.402675630000061, 6.69409895000009 ], [ -8.40245914, 6.694572929999964 ], [ -8.407473560000028, 6.70263815 ], [ -8.405841830000021, 6.706994060000071 ], [ -8.405258179999958, 6.70719718999991 ], [ -8.38810538999995, 6.713103769999947 ], [ -8.388943669999943, 6.714536189999897 ], [ -8.391068459999978, 6.718173029999896 ], [ -8.389115330000113, 6.721599100000127 ], [ -8.388978, 6.721836090000018 ], [ -8.3857584, 6.722050190000061 ], [ -8.382877350000012, 6.719347 ], [ -8.382557869999957, 6.719046120000016 ], [ -8.37819576, 6.717644209999925 ], [ -8.374711040000054, 6.724287989999944 ], [ -8.375726700000069, 6.72438097 ], [ -8.37999630000002, 6.724775789999889 ], [ -8.380421639999952, 6.725235939999862 ], [ -8.383195879999988, 6.728238110000014 ], [ -8.380655290000011, 6.730600830000107 ], [ -8.379266740000052, 6.731891159999932 ], [ -8.37512589, 6.732789039999972 ], [ -8.369817730000012, 6.73620605 ], [ -8.369478229999988, 6.737459179999938 ], [ -8.368643760000044, 6.74054289 ], [ -8.367707250000095, 6.744005199999947 ], [ -8.364486690000078, 6.744447230000013 ], [ -8.360831259999962, 6.740064139999909 ], [ -8.355738639999949, 6.746468069999978 ], [ -8.35649395, 6.751949790000033 ], [ -8.3568449, 6.75451182999992 ], [ -8.356143, 6.758252139999954 ], [ -8.355898859999972, 6.759562019999976 ], [ -8.353128430000073, 6.761844159999882 ], [ -8.349453929999978, 6.760907169999982 ], [ -8.346223829999971, 6.76249504000009 ], [ -8.343696590000032, 6.762023929999927 ], [ -8.343347550000107, 6.760415079999859 ], [ -8.34322166, 6.75982903999995 ], [ -8.342801090000012, 6.757884980000036 ], [ -8.340051649999985, 6.756031989999933 ], [ -8.33909321, 6.75872278 ], [ -8.33841801, 6.760616779999935 ], [ -8.342911720000018, 6.779934879999956 ], [ -8.342899319999969, 6.782239909999895 ], [ -8.34288310999996, 6.78521776000008 ], [ -8.340554240000092, 6.790719989999971 ], [ -8.331455229999968, 6.796607019999989 ], [ -8.327170370000086, 6.799376010000032 ], [ -8.325010300000063, 6.806860920000013 ], [ -8.324359889999982, 6.809111120000033 ], [ -8.324123379999953, 6.809924129999885 ], [ -8.318146709999979, 6.809663769999929 ], [ -8.316763879999961, 6.811034199999987 ], [ -8.31879710999997, 6.815489769999957 ], [ -8.323805809999968, 6.826461790000067 ], [ -8.323551179999949, 6.827037809999858 ], [ -8.321476940000011, 6.831730840000027 ], [ -8.31315422, 6.83995580999995 ], [ -8.307359699999989, 6.848193169999924 ], [ -8.307454110000073, 6.84940814999991 ], [ -8.307915689999984, 6.855443 ], [ -8.30843353000002, 6.86220789 ], [ -8.311660769999968, 6.861076829999931 ], [ -8.312985419999968, 6.859012129999982 ], [ -8.313685420000066, 6.857923030000023 ], [ -8.31610440999993, 6.854309794999935 ], [ -8.318128590000079, 6.85537004 ], [ -8.332027440000061, 6.87956094999987 ], [ -8.33132458, 6.881392960000106 ], [ -8.329915050000075, 6.887129779999952 ], [ -8.32755566000008, 6.88852692 ], [ -8.322995189999954, 6.891225809999931 ], [ -8.323257449999982, 6.891678810000023 ], [ -8.326184270000031, 6.896751879999925 ], [ -8.32456303, 6.899043079999878 ], [ -8.320912360000015, 6.899192810000095 ], [ -8.314672470000112, 6.899450780000038 ], [ -8.310848714999924, 6.902337314999947 ], [ -8.30888462000004, 6.906307219999974 ], [ -8.309087749999971, 6.911592009999808 ], [ -8.31523895, 6.92219018999981 ], [ -8.317293169999967, 6.932020190000109 ], [ -8.317929270000018, 6.935064789999956 ], [ -8.31832981000003, 6.945860860000074 ], [ -8.320002559999967, 6.949646949999988 ], [ -8.322193150000029, 6.954607960000033 ], [ -8.321476940000011, 6.959425929999881 ], [ -8.324889179999989, 6.966106889999956 ], [ -8.32164955, 6.969761850000033 ], [ -8.313365940000011, 6.970864769999984 ], [ -8.30966663, 6.974290850000038 ], [ -8.306947710000095, 6.973926069999877 ], [ -8.303138730000065, 6.973412989999972 ], [ -8.302541729999962, 6.97333384 ], [ -8.29515457, 6.98151779 ], [ -8.294594759999946, 6.982140060000049 ], [ -8.293053629999974, 6.983847139999988 ], [ -8.289414409999956, 6.985036849999922 ], [ -8.286833759999951, 6.985879900000043 ], [ -8.284750940000102, 6.98793602 ], [ -8.284693719999986, 6.988408090000064 ], [ -8.283550259999966, 6.997805119999889 ], [ -8.277130129999982, 7.001686100000015 ], [ -8.276707650000109, 7.001941200000068 ], [ -8.276395799999975, 7.002130990000055 ], [ -8.273611069999959, 7.006707189999879 ], [ -8.274739269999959, 7.01061821 ], [ -8.278174399999966, 7.013391969999915 ], [ -8.276085850000086, 7.01659583999988 ], [ -8.278603550000035, 7.018907069999976 ], [ -8.283602709999954, 7.02018403999994 ], [ -8.28503418, 7.020547870000023 ], [ -8.287084580000098, 7.02400303 ], [ -8.287693980000071, 7.039164070000055 ], [ -8.295619960000039, 7.061708929999988 ], [ -8.294875139999963, 7.07204103 ], [ -8.299416540000021, 7.082396979999935 ], [ -8.299383160000012, 7.088827130000126 ], [ -8.297592159999972, 7.095509050000103 ], [ -8.293683050000094, 7.110079769999984 ], [ -8.292833329999954, 7.11324978 ], [ -8.291633609999987, 7.117716789999939 ], [ -8.292336459999966, 7.12224102 ], [ -8.293507580000053, 7.129815099999888 ], [ -8.29380894000003, 7.131752009999921 ], [ -8.294301029999978, 7.134953979999914 ], [ -8.292897220000089, 7.139307020000103 ], [ -8.291557310000069, 7.140387060000116 ], [ -8.27787971, 7.151398179999909 ], [ -8.27693176, 7.153574939999984 ], [ -8.275782589999952, 7.156208989999968 ], [ -8.278465269999963, 7.170228 ], [ -8.27805138, 7.172088150000022 ], [ -8.276108740000026, 7.180778029999956 ], [ -8.278383260000016, 7.185152049999928 ], [ -8.28413582000001, 7.185184 ], [ -8.287146569999987, 7.181297779999973 ], [ -8.290595050000032, 7.181774139999952 ], [ -8.29424763, 7.186844829999927 ], [ -8.298417090000015, 7.187119009999876 ], [ -8.30183792, 7.187344070000023 ], [ -8.30223942, 7.188930989999875 ], [ -8.303638460000023, 7.194470880000125 ], [ -8.307552340000029, 7.194263939999963 ], [ -8.314186100000104, 7.200957779999946 ], [ -8.318087580000061, 7.202585219999953 ], [ -8.318423269999947, 7.20248699 ], [ -8.325000760000073, 7.200553889999924 ], [ -8.33049583, 7.205636980000129 ], [ -8.33111095, 7.21127987000002 ], [ -8.331371309999952, 7.213675019999954 ], [ -8.33206366999995, 7.214560029999902 ], [ -8.335713390000038, 7.21920919 ], [ -8.346010209999971, 7.229597089999913 ], [ -8.357256889999981, 7.234249109999887 ], [ -8.35980988, 7.240224839999875 ], [ -8.360893250000117, 7.242764 ], [ -8.35649395, 7.247788909999919 ], [ -8.356243129999946, 7.25192213000004 ], [ -8.352302549999951, 7.257182120000138 ], [ -8.351123809999944, 7.262455940000045 ], [ -8.35119914999996, 7.263449189999889 ], [ -8.351766590000103, 7.270955089999916 ], [ -8.35336685, 7.273259160000045 ], [ -8.359388350000035, 7.274324890000024 ], [ -8.360031130000017, 7.274438860000132 ], [ -8.360457420000117, 7.281331059999914 ], [ -8.365029339999946, 7.289030079999932 ], [ -8.370355610000018, 7.297997 ], [ -8.372769360000071, 7.302058219999907 ], [ -8.386019709999953, 7.31957483 ], [ -8.389883039999951, 7.328779220000044 ], [ -8.389932630000057, 7.329154970000047 ], [ -8.391934390000038, 7.343757149999959 ], [ -8.392099380000012, 7.344963069999906 ], [ -8.39586067, 7.372428890000037 ], [ -8.395501140000011, 7.374587060000081 ], [ -8.393907550000051, 7.38415909 ], [ -8.39372444, 7.385271069999895 ], [ -8.393907550000051, 7.393765929999951 ], [ -8.394889829999968, 7.396805759999936 ], [ -8.398351670000054, 7.407517910000038 ], [ -8.398887630000079, 7.409173009999932 ], [ -8.409790519999977, 7.428900960000028 ], [ -8.404444689999973, 7.44569777999989 ], [ -8.405541419999945, 7.45626402 ], [ -8.409613610000083, 7.469141009999987 ], [ -8.407967569999958, 7.476017950000021 ], [ -8.413670540000112, 7.485685829999966 ], [ -8.413898469999964, 7.48998213 ], [ -8.414106370000024, 7.493814950000043 ], [ -8.42621899, 7.50804615 ], [ -8.430764200000024, 7.513385770000014 ], [ -8.433963780000081, 7.517145159999934 ], [ -8.456750869999979, 7.526564119999975 ], [ -8.464486119999975, 7.536433219999957 ], [ -8.472180370000043, 7.554582119999964 ], [ -8.47021103000008, 7.55659199 ], [ -8.440885540000092, 7.586531160000042 ], [ -8.417427060000065, 7.60816193 ], [ -8.405476570000086, 7.611214159999953 ], [ -8.396780010000043, 7.611895079999982 ], [ -8.393016820000071, 7.61219119999997 ], [ -8.389462470000058, 7.609951019999983 ], [ -8.384738920000117, 7.606978889999915 ], [ -8.381673810000084, 7.597648139999976 ], [ -8.381106380000119, 7.592309949999894 ], [ -8.379691120000082, 7.579007150000024 ], [ -8.369343760000053, 7.572749140000042 ], [ -8.365717890000074, 7.573334219999957 ], [ -8.356881140000066, 7.574762820000032 ], [ -8.346479420000069, 7.578856949999945 ], [ -8.322503090000094, 7.59944581999995 ], [ -8.30277729000009, 7.601425170000027 ], [ -8.300396920000047, 7.598728179999988 ], [ -8.298646930000114, 7.596747879999917 ], [ -8.299714090000037, 7.59157705 ], [ -8.297672270000117, 7.584838869999906 ], [ -8.292451860000099, 7.579912190000037 ], [ -8.289409640000095, 7.577037809999972 ], [ -8.268042560000094, 7.57074118 ], [ -8.257283210000082, 7.56757021 ], [ -8.255026820000083, 7.56594515 ], [ -8.235571860000107, 7.551939959999928 ], [ -8.229873660000081, 7.54984282999996 ], [ -8.214912410000036, 7.533728119999871 ], [ -8.208222390000103, 7.535097119999897 ], [ -8.205040930000035, 7.535750869999987 ], [ -8.193576810000064, 7.545012 ], [ -8.179969790000069, 7.566683770000012 ], [ -8.172627450000075, 7.581657889999882 ], [ -8.172039030000061, 7.612864020000039 ], [ -8.171907420000096, 7.619952199999965 ], [ -8.157246590000039, 7.64420414 ], [ -8.148917200000088, 7.649341109999874 ], [ -8.14369583000008, 7.655525209999958 ], [ -8.143653870000072, 7.655928129999985 ], [ -8.14258766000005, 7.66643 ], [ -8.139862060000041, 7.693283079999887 ], [ -8.12368011000007, 7.710797789999909 ], [ -8.112714770000068, 7.713284969999911 ], [ -8.101334570000112, 7.715865139999963 ], [ -8.094035150000117, 7.722039220000021 ], [ -8.092741010000065, 7.735670090000035 ], [ -8.091284750000099, 7.75100183 ], [ -8.086001400000114, 7.768569949999915 ], [ -8.071351050000036, 7.790227889999912 ], [ -8.070261960000074, 7.799539089999918 ], [ -8.071770670000117, 7.808342930000045 ], [ -8.081067090000055, 7.81770611 ], [ -8.083129880000111, 7.819781779999879 ], [ -8.114659310000111, 7.844769949999908 ], [ -8.117179870000029, 7.858753200000031 ], [ -8.1155662500001, 7.869092939999966 ], [ -8.107178690000044, 7.884572980000037 ], [ -8.105112080000115, 7.88677216 ], [ -8.103334430000114, 7.888669010000015 ], [ -8.094126700000054, 7.89847803 ], [ -8.082610130000095, 7.91601181 ], [ -8.075221060000054, 7.938736920000011 ], [ -8.065770150000034, 7.958349230000039 ], [ -8.062203410000063, 7.970335009999914 ], [ -8.053371430000094, 8.0 ], [ -8.062253, 8.009675029999926 ], [ -8.063541410000102, 8.011078829999903 ], [ -8.057643890000104, 8.02271843 ], [ -8.047423360000089, 8.029938700000024 ], [ -8.040738110000106, 8.03279686 ], [ -8.031525610000095, 8.030194280000032 ], [ -8.029653550000099, 8.029681210000035 ], [ -8.024313930000076, 8.033059120000019 ], [ -8.00981903000007, 8.031952859999969 ], [ -8.003287320000091, 8.038529400000016 ], [ -8.000283240000044, 8.039177890000026 ], [ -7.989054200000073, 8.034902570000042 ], [ -7.987257960000044, 8.031206129999909 ], [ -7.991803170000061, 8.01818085 ], [ -7.990667820000091, 8.016785620000022 ], [ -7.986044880000037, 8.01810455 ], [ -7.984292980000035, 8.010965350000021 ], [ -7.982227800000047, 8.010481829999982 ], [ -7.97270298000004, 8.017013549999959 ], [ -7.95963001000009, 8.01294136 ], [ -7.953718190000064, 8.007126809999939 ], [ -7.948188780000059, 8.00728416 ], [ -7.945581910000104, 8.012989040000036 ], [ -7.946928980000095, 8.015760419999928 ], [ -7.946479800000056, 8.022969249999889 ], [ -7.946342950000101, 8.025165559999976 ], [ -7.950419900000099, 8.030499459999973 ], [ -7.946622850000079, 8.039174079999889 ], [ -7.94657993000008, 8.042387009999892 ], [ -7.954108240000096, 8.04454803 ], [ -7.963332180000076, 8.047196389999918 ], [ -7.969590190000059, 8.061969759999961 ], [ -7.981112960000086, 8.079339030000028 ], [ -7.987071040000032, 8.08170891 ], [ -7.993225100000117, 8.086839679999891 ], [ -8.010642050000044, 8.093950269999979 ], [ -8.014452930000054, 8.10226536 ], [ -8.010151860000075, 8.114821429999893 ], [ -8.014341350000059, 8.119530679999897 ], [ -8.015433310000081, 8.124595639999932 ], [ -8.009333610000052, 8.133703229999966 ], [ -8.007619860000098, 8.142176630000016 ], [ -8.009973530000064, 8.157361029999961 ], [ -8.008975980000038, 8.163776399999911 ], [ -7.995921130000077, 8.176242830000035 ], [ -7.993298050000114, 8.18355942000003 ], [ -7.993649010000109, 8.19274902 ], [ -7.996870990000065, 8.19666386 ], [ -7.998418810000057, 8.19854546 ], [ -8.004182820000111, 8.198616979999869 ], [ -8.006985660000115, 8.195435519999982 ], [ -8.014179230000057, 8.191390039999924 ], [ -8.017928120000089, 8.18638325 ], [ -8.023674010000065, 8.18760204000003 ], [ -8.027199750000108, 8.192968370000038 ], [ -8.034770970000032, 8.20449542999998 ], [ -8.039601330000107, 8.205472950000036 ], [ -8.043329240000091, 8.202075 ], [ -8.051420210000032, 8.18035888999998 ], [ -8.06451416000003, 8.164445879999967 ], [ -8.068925860000103, 8.161513329999892 ], [ -8.089082720000068, 8.167101859999903 ], [ -8.093734740000041, 8.173064230000023 ], [ -8.101742740000045, 8.177526469999925 ], [ -8.103737830000096, 8.183980939999913 ], [ -8.110941890000106, 8.188751219999986 ], [ -8.12638092000007, 8.19617175999997 ], [ -8.166714670000058, 8.196411129999966 ], [ -8.179585460000066, 8.199774739999917 ], [ -8.189421650000078, 8.206546779999975 ], [ -8.20739746000006, 8.227416989999988 ], [ -8.219081880000051, 8.23397826999993 ], [ -8.224302290000068, 8.23343754000004 ], [ -8.225083350000034, 8.233358379999885 ], [ -8.230306630000111, 8.226033209999983 ], [ -8.243995670000054, 8.228629109999915 ], [ -8.246658330000095, 8.233481410000032 ], [ -8.248055460000053, 8.236024859999979 ], [ -8.248476030000035, 8.246511459999979 ], [ -8.248765950000042, 8.253716469999979 ], [ -8.246381760000038, 8.26034641 ], [ -8.232859610000048, 8.27327061 ], [ -8.230238910000104, 8.28035926999987 ], [ -8.231749530000037, 8.28910445999994 ], [ -8.230691910000104, 8.300341609999961 ], [ -8.237603190000048, 8.32017517 ], [ -8.237974170000101, 8.327757839999983 ], [ -8.22877121000008, 8.345328329999909 ], [ -8.227597240000112, 8.34895419999998 ], [ -8.225660320000078, 8.354936599999981 ], [ -8.225819590000111, 8.360679629999986 ], [ -8.236800190000043, 8.395055769999892 ], [ -8.238370900000064, 8.40779686 ], [ -8.237839700000077, 8.414218899999966 ], [ -8.239607810000088, 8.42806721000003 ], [ -8.239749910000032, 8.429167749999962 ], [ -8.244123460000058, 8.439195630000029 ], [ -8.245587350000033, 8.442552570000046 ], [ -8.243496890000085, 8.444723129999964 ], [ -8.242837910000095, 8.446754459999902 ], [ -8.24158382000007, 8.450434679999937 ], [ -8.242429730000072, 8.456877710000043 ], [ -8.240768430000106, 8.460761069999919 ], [ -8.235405920000055, 8.465749740000035 ], [ -8.233790400000057, 8.465729709999977 ], [ -8.233415600000043, 8.46077061 ], [ -8.233390810000035, 8.460441590000045 ], [ -8.230417250000116, 8.458963390000036 ], [ -8.227713580000056, 8.458717350000022 ], [ -8.222576140000065, 8.45824527999995 ], [ -8.220483780000048, 8.45959854 ], [ -8.223381040000049, 8.468132019999885 ], [ -8.221213340000105, 8.470409390000022 ], [ -8.215132710000056, 8.472677229999988 ], [ -8.213568690000056, 8.474187850000014 ], [ -8.205918310000065, 8.481701849999908 ], [ -8.196758270000043, 8.49537181999996 ], [ -8.198296550000045, 8.501591679999983 ], [ -8.196896550000115, 8.502722739999868 ], [ -8.193748470000056, 8.502173419999977 ], [ -8.187074185000093, 8.501008509999963 ], [ -8.183788300000089, 8.499576569999874 ], [ -8.178239820000105, 8.500430109999975 ], [ -8.175254820000038, 8.49924469000004 ], [ -8.172430990000073, 8.49578285000004 ], [ -8.16957283000011, 8.49228382 ], [ -8.168564800000105, 8.49289703 ], [ -8.162136080000032, 8.496789929999878 ], [ -8.157759670000036, 8.496274949999901 ], [ -8.157490730000077, 8.495771409999897 ], [ -8.156406400000066, 8.493730549999967 ], [ -8.156916620000093, 8.492363929999954 ], [ -8.157601360000083, 8.49053097 ], [ -8.156959530000091, 8.486160280000028 ], [ -8.153298380000034, 8.484046939999878 ], [ -8.151572230000031, 8.48802662 ], [ -8.15092278000003, 8.48953056 ], [ -8.146988870000055, 8.490399360000033 ], [ -8.14323997000011, 8.495176319999949 ], [ -8.139098170000075, 8.494208339999886 ], [ -8.135247230000036, 8.489380840000045 ], [ -8.134102820000116, 8.487944599999963 ], [ -8.132284160000097, 8.48765087 ], [ -8.129495620000032, 8.487201689999956 ], [ -8.125316620000117, 8.489443780000016 ], [ -8.120944980000072, 8.488703729999976 ], [ -8.120288850000051, 8.484586720000038 ], [ -8.119660380000099, 8.480647089999948 ], [ -8.116397860000074, 8.482936860000045 ], [ -8.103603360000072, 8.491930960000012 ], [ -8.098377230000114, 8.504037859999968 ], [ -8.095355030000079, 8.505838389999909 ], [ -8.089012150000091, 8.50209427 ], [ -8.08184433000006, 8.497860910000028 ], [ -8.079786300000041, 8.498464579999883 ], [ -8.076901440000089, 8.49930763 ], [ -8.069592480000104, 8.503816599999958 ], [ -8.065125470000073, 8.50660801 ], [ -8.059845920000047, 8.50447463999987 ], [ -8.057046890000091, 8.502067569999923 ], [ -8.055508610000089, 8.500746729999975 ], [ -8.051098825, 8.49847889 ], [ -8.045658110000048, 8.495684619999906 ], [ -8.044965740000048, 8.495328899999961 ], [ -8.044058800000059, 8.495113369999984 ], [ -8.037836070000065, 8.493631359999931 ], [ -8.031118390000064, 8.495841979999959 ], [ -8.023267750000112, 8.495107650000044 ], [ -8.022594450000092, 8.495043749999908 ], [ -8.020330430000083, 8.493720049999894 ], [ -8.009771350000033, 8.487531659999988 ], [ -8.002821920000041, 8.48973845999997 ], [ -7.997981070000076, 8.489446639999898 ], [ -7.990653990000101, 8.485220910000024 ], [ -7.987868790000046, 8.484486579999924 ], [ -7.985136030000067, 8.483769419999916 ], [ -7.983788970000077, 8.484484670000036 ], [ -7.980491160000064, 8.486237530000025 ], [ -7.97809410000006, 8.49332619 ], [ -7.970870970000071, 8.498744959999904 ], [ -7.967638970000085, 8.498934749999975 ], [ -7.963983060000107, 8.49444674999998 ], [ -7.963099, 8.493362429999969 ], [ -7.960387230000038, 8.493972780000021 ], [ -7.957314970000034, 8.49466419000003 ], [ -7.95017385000008, 8.49365233999989 ], [ -7.942700860000112, 8.500676159999905 ], [ -7.938083170000048, 8.50107478999994 ], [ -7.933110240000079, 8.49559975 ], [ -7.929213050000033, 8.491312980000039 ], [ -7.915438180000095, 8.486308099999917 ], [ -7.913169860000085, 8.48329258 ], [ -7.914805890000093, 8.48170662000004 ], [ -7.923367020000033, 8.479750630000026 ], [ -7.918569090000066, 8.476245879999944 ], [ -7.911799910000067, 8.464670179999978 ], [ -7.911568160000076, 8.460527419999949 ], [ -7.911427020000033, 8.45800591000004 ], [ -7.913281920000031, 8.457110400000019 ], [ -7.913712020000091, 8.45783710000002 ], [ -7.91711998000007, 8.46359158 ], [ -7.919437890000097, 8.462702749999906 ], [ -7.923046110000037, 8.451498989999983 ], [ -7.921254160000096, 8.447341920000014 ], [ -7.913705830000112, 8.448603629999958 ], [ -7.911085130000078, 8.44904423 ], [ -7.909717080000039, 8.447647090000039 ], [ -7.909510140000059, 8.44439507 ], [ -7.908950810000054, 8.43569469 ], [ -7.902522090000069, 8.434526439999878 ], [ -7.896784780000093, 8.43348026 ], [ -7.892614840000039, 8.432723049999964 ], [ -7.884745120000108, 8.43491553999992 ], [ -7.884080890000039, 8.43261241999987 ], [ -7.884799, 8.430230140000027 ], [ -7.887461190000039, 8.421402929999921 ], [ -7.886598110000037, 8.417024610000034 ], [ -7.878568170000083, 8.42053223 ], [ -7.87638903000008, 8.421484950000043 ], [ -7.869472030000107, 8.421060560000015 ], [ -7.852424140000075, 8.420017240000021 ], [ -7.847558020000061, 8.42178822 ], [ -7.832880970000083, 8.432847020000011 ], [ -7.830990790000097, 8.43603706 ], [ -7.837708, 8.468509669999953 ], [ -7.83500290000006, 8.480876919999957 ], [ -7.831696030000096, 8.48680496 ], [ -7.827267170000113, 8.49018955 ], [ -7.824053760000066, 8.48458098999992 ], [ -7.822759150000063, 8.482319829999973 ], [ -7.820994850000101, 8.481793399999937 ], [ -7.815833090000051, 8.480425830000023 ], [ -7.814179900000045, 8.480343819999987 ], [ -7.808255200000108, 8.48005867000002 ], [ -7.80513, 8.47797585 ], [ -7.803682800000061, 8.47700882 ], [ -7.799159050000043, 8.470288279999949 ], [ -7.793652060000117, 8.46837615999992 ], [ -7.7884101900001, 8.46371078 ], [ -7.780377860000037, 8.44361782 ], [ -7.764214990000045, 8.411245349999959 ], [ -7.753662110000064, 8.383894919999967 ], [ -7.751740930000089, 8.378922460000034 ], [ -7.745598790000102, 8.37371444999998 ], [ -7.745131970000113, 8.373317720000017 ], [ -7.738953110000107, 8.373637199999983 ], [ -7.716979980000055, 8.374767299999959 ], [ -7.69595194000004, 8.371125219999975 ], [ -7.695354940000115, 8.371023179999966 ], [ -7.695056920000059, 8.371125219999975 ], [ -7.689564230000073, 8.373007770000036 ], [ -7.683351040000069, 8.3720026 ], [ -7.676865100000057, 8.374209399999984 ], [ -7.662782190000033, 8.375390049999886 ], [ -7.651725770000045, 8.37454604999995 ], [ -7.641070840000058, 8.377433779999961 ], [ -7.649696830000035, 8.387881279999931 ], [ -7.651432040000078, 8.396403309999918 ], [ -7.654603960000067, 8.400579449999952 ], [ -7.664316180000036, 8.40773678 ], [ -7.666027070000109, 8.408997539999959 ], [ -7.673109050000054, 8.428236009999878 ], [ -7.680149080000081, 8.440652849999893 ], [ -7.681429860000094, 8.448476790000036 ], [ -7.67996216000007, 8.454888340000018 ], [ -7.675747870000077, 8.45942593000003 ], [ -7.671687130000088, 8.47016524999998 ], [ -7.666257860000108, 8.479278559999869 ], [ -7.660181050000109, 8.485399250000036 ], [ -7.659418110000043, 8.490671159999962 ], [ -7.66106606000006, 8.505851749999948 ], [ -7.66600704000005, 8.516023640000022 ], [ -7.678079130000054, 8.528127669999918 ], [ -7.682909010000088, 8.53878498000001 ], [ -7.684360980000054, 8.541992189999988 ], [ -7.687553880000092, 8.544791219999944 ], [ -7.697017190000071, 8.580290789999985 ], [ -7.699306960000079, 8.581697459999937 ], [ -7.701663970000055, 8.595739360000032 ], [ -7.704162120000074, 8.598988530000014 ], [ -7.711536880000086, 8.617461199999894 ], [ -7.71281385000005, 8.625978470000028 ], [ -7.7229328200001, 8.656664849999906 ], [ -7.723919870000056, 8.659662250000018 ], [ -7.726826190000097, 8.667281149999894 ], [ -7.736093040000075, 8.682564739999961 ], [ -7.738080020000076, 8.689709659999878 ], [ -7.750683545000086, 8.716835975000066 ], [ -7.752632140000109, 8.725507739999927 ], [ -7.756485940000118, 8.731071469999925 ], [ -7.76208782000008, 8.744467739999891 ], [ -7.763576980000103, 8.754365919999884 ], [ -7.767868040000053, 8.7620039 ], [ -7.77265501000009, 8.767118449999963 ], [ -7.776153090000065, 8.768961909999902 ], [ -7.777304170000093, 8.769565579999934 ], [ -7.781601910000063, 8.771828649999954 ], [ -7.790362830000102, 8.773322109999981 ], [ -7.812397960000045, 8.766023639999887 ], [ -7.82282686000007, 8.765949249999949 ], [ -7.82394886000009, 8.765941619999936 ], [ -7.840771200000113, 8.774395940000012 ], [ -7.845528130000062, 8.776785849999953 ], [ -7.861224170000064, 8.77767086 ], [ -7.874420170000068, 8.77531242 ], [ -7.896730900000076, 8.766949650000029 ], [ -7.901103970000062, 8.76531124 ], [ -7.913482190000082, 8.765465739999911 ], [ -7.915886880000095, 8.765493389999889 ], [ -7.925774100000066, 8.76929474 ], [ -7.940433030000055, 8.779353140000012 ], [ -7.94704485000009, 8.786557200000018 ], [ -7.961309910000086, 8.81039715 ], [ -7.962561130000051, 8.821668620000011 ], [ -7.957779880000043, 8.851136210000028 ], [ -7.954823970000074, 8.869362829999893 ], [ -7.945887090000042, 8.901185990000037 ], [ -7.930364130000061, 8.942352289999896 ], [ -7.91711807000009, 8.967002869999973 ], [ -7.917603020000069, 8.969865799999972 ], [ -7.919814110000051, 8.982917789999874 ], [ -7.920672890000052, 8.988000869999986 ], [ -7.920782090000117, 8.98864841000001 ], [ -7.918282030000118, 9.004012109999955 ], [ -7.914367200000033, 9.008700369999907 ], [ -7.9063139000001, 9.018338200000031 ], [ -7.896024230000048, 9.028087619999965 ], [ -7.865118980000091, 9.040339469999921 ], [ -7.853785040000055, 9.059268950000032 ], [ -7.850896840000093, 9.061862949999899 ], [ -7.840923790000037, 9.070823670000038 ], [ -7.813032150000115, 9.08218764999998 ], [ -7.803812980000085, 9.079542160000031 ], [ -7.803017140000051, 9.078728679999955 ], [ -7.801530840000087, 9.077215189999961 ], [ -7.796024800000062, 9.075052259999971 ], [ -7.790026190000049, 9.07269955 ], [ -7.788041110000115, 9.072344780000037 ], [ -7.781171800000092, 9.071113589999868 ], [ -7.777565960000082, 9.0704689 ], [ -7.768964770000114, 9.067548749999965 ], [ -7.764904980000114, 9.06616974 ], [ -7.75632, 9.067540169999873 ], [ -7.754243850000059, 9.067871089999898 ], [ -7.739561080000051, 9.074238779999988 ], [ -7.737268920000112, 9.07523154999997 ], [ -7.736526010000105, 9.078054429999945 ], [ -7.74160099000008, 9.083843229999921 ], [ -7.744892120000074, 9.085060119999973 ], [ -7.749014850000041, 9.08658217999988 ], [ -7.755170820000107, 9.088856700000044 ], [ -7.761291030000056, 9.09622765000001 ], [ -7.761540890000035, 9.096526150000017 ], [ -7.766318800000032, 9.096836089999989 ], [ -7.770548820000084, 9.09710979 ], [ -7.775934220000075, 9.101017949999964 ], [ -7.777646060000048, 9.102260589999929 ], [ -7.787888530000103, 9.106039050000014 ], [ -7.799448010000059, 9.12015915 ], [ -7.801414970000092, 9.122576710000018 ], [ -7.805303100000099, 9.123969079999938 ], [ -7.808087830000115, 9.124964709999894 ], [ -7.811964990000103, 9.129154209999967 ], [ -7.813025, 9.136293409999936 ], [ -7.812060830000039, 9.140545849999981 ], [ -7.826954840000116, 9.148861889999893 ], [ -7.827221870000095, 9.149012570000011 ], [ -7.832387920000055, 9.1497488 ], [ -7.837841990000044, 9.150527949999983 ], [ -7.839198110000073, 9.15307236000001 ], [ -7.83205986000009, 9.168835639999983 ], [ -7.833061220000076, 9.174363139999919 ], [ -7.833143230000111, 9.17482567 ], [ -7.840034960000036, 9.17859076999995 ], [ -7.85300112000003, 9.177837369999963 ], [ -7.870246890000093, 9.16748333 ], [ -7.879576210000089, 9.159609790000019 ], [ -7.881877900000106, 9.157666209999967 ], [ -7.907806870000083, 9.172949789999947 ], [ -7.914895060000099, 9.179017069999958 ], [ -7.916880130000031, 9.18233584999993 ], [ -7.919879910000077, 9.186896319999882 ], [ -7.922934060000092, 9.200954439999983 ], [ -7.926014900000094, 9.212946889999969 ], [ -7.925725940000078, 9.217309 ], [ -7.91554308000007, 9.235563279999958 ], [ -7.906465050000083, 9.257275580000012 ], [ -7.900828840000035, 9.263639449999872 ], [ -7.895327090000098, 9.277587889999957 ], [ -7.891354080000085, 9.2805233 ], [ -7.887444970000118, 9.290613169999958 ], [ -7.884795190000077, 9.304109570000037 ], [ -7.886536120000059, 9.312405589999891 ], [ -7.886446950000053, 9.336542129999891 ], [ -7.888453010000035, 9.342314720000033 ], [ -7.887479780000067, 9.345977779999977 ], [ -7.882791040000075, 9.350515369999897 ], [ -7.879220010000104, 9.358053209999902 ], [ -7.875637050000034, 9.366510390000037 ], [ -7.86649323000011, 9.375352859999985 ], [ -7.862930770000048, 9.390921589999934 ], [ -7.862562180000104, 9.392539979999903 ], [ -7.859714980000071, 9.397559169999965 ], [ -7.858211040000068, 9.4062748 ], [ -7.856080060000053, 9.409922599999916 ], [ -7.857664110000112, 9.41270161 ], [ -7.855518820000068, 9.417270660000028 ], [ -7.856388090000049, 9.421651839999889 ], [ -7.855395790000102, 9.42646502999996 ], [ -7.850316050000089, 9.425478939999905 ], [ -7.848882200000112, 9.42890644 ], [ -7.849073890000074, 9.430439949999958 ], [ -7.849734780000045, 9.43573665999989 ], [ -7.849986080000054, 9.43774319 ], [ -7.857914920000081, 9.433017729999989 ], [ -7.865322110000111, 9.433339120000028 ], [ -7.865993980000102, 9.433616639999983 ], [ -7.867248060000037, 9.434131619999874 ], [ -7.872231960000114, 9.436185839999929 ], [ -7.883121970000101, 9.43563175 ], [ -7.885251050000047, 9.432210920000024 ], [ -7.88696909000009, 9.424188609999902 ], [ -7.89168882000007, 9.416893010000045 ], [ -7.894011970000086, 9.416232109999989 ], [ -7.915739060000032, 9.419488909999892 ], [ -7.93714380000004, 9.408736229999988 ], [ -7.942530160000111, 9.406030650000041 ], [ -7.968118190000034, 9.39599991 ], [ -7.982863900000098, 9.394425390000023 ], [ -7.983246800000071, 9.39438437999992 ], [ -7.98755407000003, 9.396929739999933 ], [ -7.99903584000004, 9.397961620000046 ], [ -7.999349120000115, 9.397992129999906 ], [ -8.005358700000059, 9.39979266999994 ], [ -8.008647920000072, 9.400776860000015 ], [ -8.011343960000033, 9.40158366999998 ], [ -8.031364440000083, 9.400793079999936 ], [ -8.047015190000067, 9.400176050000042 ], [ -8.060329440000086, 9.401763919999972 ], [ -8.068425180000066, 9.41286278 ], [ -8.073525430000089, 9.419859889999948 ], [ -8.081108090000072, 9.424321169999949 ], [ -8.083587650000062, 9.42963790999994 ], [ -8.098542210000087, 9.446683879999902 ], [ -8.098880770000033, 9.447069169999985 ], [ -8.101552010000074, 9.455609319999965 ], [ -8.106612210000069, 9.458200450000042 ], [ -8.108386990000099, 9.464428899999888 ], [ -8.111610410000086, 9.465848919999964 ], [ -8.115057950000054, 9.471569060000029 ], [ -8.115238190000046, 9.471870419999917 ], [ -8.116086010000117, 9.47831631 ], [ -8.123171810000112, 9.48575878 ], [ -8.124024390000045, 9.491518969999923 ], [ -8.128609660000091, 9.495251660000037 ], [ -8.134058950000039, 9.503824230000035 ], [ -8.133332250000041, 9.50657462999996 ], [ -8.13762760000008, 9.51490307000001 ], [ -8.135928150000066, 9.521315569999985 ], [ -8.132873540000102, 9.524957659999977 ], [ -8.14078045000009, 9.529952050000034 ], [ -8.141131400000084, 9.530175210000024 ], [ -8.142521860000112, 9.531052589999874 ], [ -8.149227140000065, 9.532054899999942 ], [ -8.149865150000096, 9.536662100000022 ], [ -8.147477150000043, 9.542608259999874 ], [ -8.151941300000104, 9.556225779999934 ], [ -8.150731090000068, 9.560349459999983 ], [ -8.15181828000005, 9.566109659999988 ], [ -8.149935720000073, 9.568616870000042 ], [ -8.146451, 9.56949329 ], [ -8.144314770000044, 9.57360363 ], [ -8.146282200000115, 9.58305645 ], [ -8.147470470000112, 9.584136009999888 ], [ -8.15292358000011, 9.589111329999966 ], [ -8.147597310000037, 9.608127589999967 ], [ -8.143600460000094, 9.612908359999935 ], [ -8.144265170000114, 9.615214350000045 ], [ -8.152274130000109, 9.623129840000033 ], [ -8.151783940000051, 9.625423429999913 ], [ -8.147583960000087, 9.625542639999914 ], [ -8.146744730000105, 9.62556839 ], [ -8.146223070000108, 9.625583650000024 ], [ -8.142211910000047, 9.631511689999968 ], [ -8.13357830000006, 9.636694909999932 ], [ -8.132756230000076, 9.64703083 ], [ -8.127794270000038, 9.654785159999875 ], [ -8.1277370500001, 9.659381869999891 ], [ -8.130000110000118, 9.663778310000033 ], [ -8.136683460000032, 9.666620249999902 ], [ -8.135270120000065, 9.668440819999987 ], [ -8.130632400000032, 9.668842319999989 ], [ -8.129448890000074, 9.671128269999947 ], [ -8.133279800000054, 9.679681779999882 ], [ -8.133197780000106, 9.686118129999961 ], [ -8.136388780000075, 9.690526009999985 ], [ -8.131613730000048, 9.701963419999878 ], [ -8.125121120000106, 9.70234299000002 ], [ -8.123926160000089, 9.70531845 ], [ -8.123189930000102, 9.708526609999979 ], [ -8.123411180000112, 9.709718699999932 ], [ -8.127100940000048, 9.729496960000013 ], [ -8.124247550000035, 9.735439299999989 ], [ -8.129503250000042, 9.74148083 ], [ -8.125455860000091, 9.749421119999909 ], [ -8.123563770000036, 9.753133769999877 ], [ -8.12975883000005, 9.75826645 ], [ -8.127864840000104, 9.76146412 ], [ -8.115331650000051, 9.762918469999889 ], [ -8.113455770000094, 9.76473522000002 ], [ -8.120694160000102, 9.779076579999931 ], [ -8.12054634000004, 9.791033740000017 ], [ -8.118967060000109, 9.79164219 ], [ -8.11581039000005, 9.792863849999918 ], [ -8.109597210000047, 9.79526615 ], [ -8.109334950000108, 9.797790529999972 ], [ -8.11806679000005, 9.803878779999941 ], [ -8.11872482000005, 9.806876179999968 ], [ -8.116115570000076, 9.811671259999876 ], [ -8.111204150000045, 9.809788699999984 ], [ -8.106197360000117, 9.807871819999924 ], [ -8.104505540000112, 9.813366890000019 ], [ -8.105089190000086, 9.82234192 ], [ -8.102169990000046, 9.830680850000036 ], [ -8.101484300000067, 9.832644459999884 ], [ -8.102219580000064, 9.832692149999922 ], [ -8.104631420000047, 9.83284664 ], [ -8.106848720000098, 9.832987789999954 ], [ -8.111407280000066, 9.836215019999905 ], [ -8.112999920000036, 9.838763239999977 ], [ -8.108739850000074, 9.845609659999973 ], [ -8.109390260000065, 9.84929465999987 ], [ -8.108662610000078, 9.852037429999967 ], [ -8.107687, 9.855712889999964 ], [ -8.109039310000071, 9.861552240000037 ], [ -8.109446530000103, 9.863323210000019 ], [ -8.11334038000005, 9.867280009999931 ], [ -8.117491720000075, 9.868941309999897 ], [ -8.119436260000118, 9.868804929999897 ], [ -8.123060230000117, 9.868549349999888 ], [ -8.130285260000086, 9.86565018 ], [ -8.132251740000079, 9.865732189999939 ], [ -8.137931820000116, 9.865974429999909 ], [ -8.143448830000072, 9.869721409999961 ], [ -8.144094470000113, 9.873867029999957 ], [ -8.140703200000093, 9.885552410000031 ], [ -8.138599400000107, 9.886904720000011 ], [ -8.134993550000097, 9.88324069999998 ], [ -8.134020810000081, 9.882250789999965 ], [ -8.130764010000085, 9.881077769999898 ], [ -8.128685000000107, 9.882415769999938 ], [ -8.12479877000008, 9.897117610000016 ], [ -8.124513630000113, 9.900987630000031 ], [ -8.127927780000071, 9.906088830000044 ], [ -8.135073660000064, 9.909626009999968 ], [ -8.13223839000004, 9.913961410000034 ], [ -8.133273120000034, 9.917172429999972 ], [ -8.13335323000009, 9.917423249999942 ], [ -8.142172810000098, 9.916839599999967 ], [ -8.146480560000096, 9.913764949999944 ], [ -8.152569770000056, 9.909414289999951 ], [ -8.15293503000008, 9.90915679999987 ], [ -8.156414990000066, 9.908967969999971 ], [ -8.160779950000091, 9.912240029999893 ], [ -8.165474890000063, 9.926783560000018 ], [ -8.163098340000069, 9.931352619999963 ], [ -8.155406, 9.93447781 ], [ -8.153368000000111, 9.936297419999917 ], [ -8.152356150000056, 9.937198639999878 ], [ -8.153031350000056, 9.939047810000019 ], [ -8.158979420000062, 9.941661830000037 ], [ -8.165946960000042, 9.94472504 ], [ -8.166845320000032, 9.94726372 ], [ -8.164013860000058, 9.951137539999884 ], [ -8.158986090000081, 9.95037745999997 ], [ -8.150183680000072, 9.949048040000015 ], [ -8.148256300000117, 9.948757169999929 ], [ -8.130086900000105, 9.95647239999996 ], [ -8.123629570000062, 9.953634259999966 ], [ -8.120606420000037, 9.954285620000036 ], [ -8.117781640000082, 9.95769978 ], [ -8.117383, 9.9710331 ], [ -8.121494290000047, 9.97614288 ], [ -8.12728786000006, 9.976444239999978 ], [ -8.136062620000089, 9.97026253 ], [ -8.138520240000041, 9.96853255999995 ], [ -8.143604280000055, 9.969975469999966 ], [ -8.150271420000049, 9.97488689 ], [ -8.151833530000069, 9.979731560000012 ], [ -8.150629040000062, 9.983396529999943 ], [ -8.147809030000058, 9.986352919999952 ], [ -8.137299540000114, 9.992203709999899 ], [ -8.136369710000096, 9.998443599999895 ], [ -8.136137960000106, 10.000000949999873 ], [ -8.134982110000038, 10.007740969999908 ], [ -8.131010060000104, 10.009700779999974 ], [ -8.131426810000036, 10.013851169999917 ], [ -8.112924580000108, 10.03856087 ], [ -8.106679920000076, 10.046900749999928 ], [ -8.098949430000118, 10.053019519999935 ], [ -8.079156880000099, 10.05875873999998 ], [ -8.045100210000072, 10.073300360000033 ], [ -8.024494170000068, 10.088688849999905 ], [ -8.016502380000073, 10.09710120999997 ], [ -8.011268620000106, 10.107851979999978 ], [ -8.005990030000071, 10.122269629999899 ], [ -7.988173960000072, 10.155861850000043 ], [ -7.985986230000069, 10.164110179999952 ], [ -7.980518820000043, 10.17461872 ], [ -7.978549, 10.175108909999963 ], [ -7.966815950000111, 10.175581929999929 ], [ -7.966341970000062, 10.17560101 ], [ -7.965976240000089, 10.175442699999955 ], [ -7.948329930000103, 10.16779136999989 ], [ -7.945398810000054, 10.16775417 ], [ -7.937188150000068, 10.167649270000034 ], [ -7.927585120000074, 10.170623780000028 ], [ -7.926466940000104, 10.170969959999987 ], [ -7.917332170000041, 10.17665863000002 ], [ -7.914566990000043, 10.178380009999984 ], [ -7.91126013000008, 10.180439949999986 ], [ -7.907612800000102, 10.184166909999888 ], [ -7.895032880000091, 10.197020529999989 ], [ -7.887333870000074, 10.199919699999882 ], [ -7.871261120000078, 10.202422139999896 ], [ -7.863751890000042, 10.20359135 ], [ -7.855926990000089, 10.204811099999944 ], [ -7.8543319700001, 10.206487660000015 ], [ -7.84646177000004, 10.21476078000002 ], [ -7.839846130000044, 10.22342014 ], [ -7.837868210000082, 10.224917409999989 ], [ -7.83632898000009, 10.226080889999977 ], [ -7.826711180000117, 10.233359339999922 ], [ -7.816245080000034, 10.236355779999869 ], [ -7.815945385000017, 10.236479279999962 ], [ -7.810098170000096, 10.243029589999885 ], [ -7.800940990000043, 10.267510410000035 ], [ -7.797730920000095, 10.269357679999935 ], [ -7.797430990000059, 10.26953125 ], [ -7.796851160000045, 10.27036858 ], [ -7.791747090000062, 10.277737619999982 ], [ -7.78638220000008, 10.279500009999964 ], [ -7.782148840000108, 10.2833518999999 ], [ -7.777188540000029, 10.284729 ], [ -7.771379950000107, 10.289651869999979 ], [ -7.764836790000068, 10.292780879999974 ], [ -7.763813970000083, 10.29550170999994 ], [ -7.763709070000107, 10.29578017999998 ], [ -7.762427810000055, 10.299189569999896 ], [ -7.756782050000105, 10.30287933000001 ], [ -7.756618980000024, 10.303117274999984 ], [ -7.758831980000075, 10.307419779999989 ], [ -7.768136980000101, 10.308267589999886 ], [ -7.773675920000095, 10.30877112999989 ], [ -7.775709150000104, 10.31293964 ], [ -7.77423620000009, 10.318669319999884 ], [ -7.772294040000066, 10.32053757 ], [ -7.771411900000086, 10.321391109999929 ], [ -7.768773080000063, 10.321297649999927 ], [ -7.76096487000007, 10.321022029999945 ], [ -7.758625980000083, 10.32236194999988 ], [ -7.75825596000011, 10.323365209999935 ], [ -7.756937980000039, 10.326939579999916 ], [ -7.759337900000101, 10.338009829999891 ], [ -7.756731990000048, 10.341889379999898 ], [ -7.756200790000062, 10.342189789999978 ], [ -7.751582150000097, 10.344808580000027 ], [ -7.737410070000067, 10.34507083999997 ], [ -7.731810090000085, 10.347069739999888 ], [ -7.730184080000107, 10.349079129999879 ], [ -7.728498940000033, 10.351161 ], [ -7.727279190000097, 10.355508800000031 ], [ -7.729668140000051, 10.367510800000012 ], [ -7.732665060000038, 10.369158740000024 ], [ -7.738195900000072, 10.372220039999924 ], [ -7.739307880000062, 10.375691409999909 ], [ -7.730207920000037, 10.378779409999879 ], [ -7.728520870000072, 10.383130069999879 ], [ -7.728906150000064, 10.38888072999989 ], [ -7.732325080000063, 10.39375973 ], [ -7.74138498000006, 10.39365958999997 ], [ -7.743443010000078, 10.39598179 ], [ -7.743381020000101, 10.400348659999914 ], [ -7.735874180000085, 10.417868609999921 ], [ -7.732093810000112, 10.419354440000028 ], [ -7.730985160000042, 10.419790270000028 ], [ -7.730501170000053, 10.420598979999973 ], [ -7.729319100000037, 10.422571179999906 ], [ -7.728321080000061, 10.42580032 ], [ -7.7278599700001, 10.425956729999982 ], [ -7.718562130000045, 10.42910957 ], [ -7.717288970000041, 10.429392809999982 ], [ -7.709805970000044, 10.431060789999968 ], [ -7.696672920000097, 10.43398857 ], [ -7.68647504, 10.436262604999953 ], [ -7.681705950000111, 10.438679699999931 ], [ -7.676333900000071, 10.441431050000027 ], [ -7.664092060000055, 10.453231809999963 ], [ -7.655533790000085, 10.466727259999963 ], [ -7.654835220000106, 10.46782969999996 ], [ -7.65309, 10.47353172000004 ], [ -7.651189800000108, 10.4797411 ], [ -7.646450040000069, 10.48680115 ], [ -7.641550060000096, 10.488121030000038 ], [ -7.637623790000042, 10.486207010000037 ], [ -7.631846900000077, 10.483388899999923 ], [ -7.627010820000063, 10.480100629999988 ], [ -7.621747970000087, 10.473818779999895 ], [ -7.620265010000043, 10.453840260000035 ], [ -7.620172980000067, 10.45263863 ], [ -7.615571980000052, 10.449131969999932 ], [ -7.606975080000083, 10.44902039000003 ], [ -7.606339930000111, 10.449193949999909 ], [ -7.590178010000109, 10.45362186 ], [ -7.584139820000107, 10.453311920000019 ], [ -7.580521110000099, 10.451104160000042 ], [ -7.573346140000098, 10.446727749999873 ], [ -7.567246910000108, 10.443007469999984 ], [ -7.565237050000079, 10.441782 ], [ -7.563082220000044, 10.44182587000001 ], [ -7.558496, 10.441921229999906 ], [ -7.551259040000119, 10.444350239999977 ], [ -7.533527850000038, 10.466179849999968 ], [ -7.531061170000047, 10.468384739999969 ], [ -7.529118060000034, 10.470121380000037 ], [ -7.526938920000031, 10.472068789999966 ], [ -7.521689890000044, 10.474154469999959 ], [ -7.516292100000094, 10.476299289999965 ], [ -7.513113020000045, 10.477561949999988 ], [ -7.508474830000061, 10.479410169999881 ], [ -7.486185070000101, 10.477721209999935 ], [ -7.4808092100001, 10.47516823 ], [ -7.480182170000088, 10.474869729999902 ], [ -7.466166020000081, 10.472882270000035 ], [ -7.465798850000077, 10.472829819999959 ], [ -7.458160880000047, 10.470420839999946 ], [ -7.457367900000072, 10.469719890000036 ], [ -7.456085210000079, 10.468584060000026 ], [ -7.452879910000082, 10.465748789999914 ], [ -7.448957920000115, 10.46362877 ], [ -7.447196010000084, 10.455320359999931 ], [ -7.43920708000006, 10.41766167000003 ], [ -7.437407020000069, 10.409180639999967 ], [ -7.436016080000091, 10.406208039999953 ], [ -7.431992050000119, 10.39760971000004 ], [ -7.42814684000011, 10.392887119999912 ], [ -7.425366880000045, 10.389471049999884 ], [ -7.419587140000111, 10.387539859999883 ], [ -7.410220150000107, 10.3817520099999 ], [ -7.402078150000118, 10.376721380000042 ], [ -7.392562870000102, 10.375888819999986 ], [ -7.390062810000103, 10.374533649999947 ], [ -7.38472509000006, 10.371641159999989 ], [ -7.374216080000068, 10.368442539999918 ], [ -7.373813150000036, 10.368320469999944 ], [ -7.369614120000062, 10.3654604 ], [ -7.365108970000072, 10.362389560000025 ], [ -7.363367080000099, 10.33798122000001 ], [ -7.365881920000078, 10.32733345 ], [ -7.367310050000114, 10.321286200000046 ], [ -7.367987160000094, 10.318419459999902 ], [ -7.370783810000031, 10.306578640000026 ], [ -7.371282100000048, 10.30570029999992 ], [ -7.384366990000096, 10.28263187000001 ], [ -7.378909110000059, 10.274499889999966 ], [ -7.375666140000053, 10.274001119999909 ], [ -7.368165970000057, 10.276030540000043 ], [ -7.366802220000107, 10.276400570000021 ], [ -7.35704994000011, 10.276259419999974 ], [ -7.350619790000096, 10.273208619999885 ], [ -7.345054150000113, 10.270567889999967 ], [ -7.333112, 10.26902389499994 ], [ -7.332643030000035, 10.269310949999976 ], [ -7.318653110000067, 10.281221390000013 ], [ -7.296017170000063, 10.288477900000011 ], [ -7.293951990000075, 10.286841389999879 ], [ -7.292612080000055, 10.283643719999887 ], [ -7.285418990000064, 10.266480449999989 ], [ -7.281507970000117, 10.264121059999908 ], [ -7.276360990000047, 10.265341760000013 ], [ -7.259595870000052, 10.269318579999982 ], [ -7.252109050000094, 10.268981929999931 ], [ -7.244510170000101, 10.268630980000026 ], [ -7.233416080000104, 10.265021319999875 ], [ -7.232124810000112, 10.26405524999997 ], [ -7.226522920000061, 10.259860990000035 ], [ -7.216804980000063, 10.257411 ], [ -7.216182230000051, 10.257316589999917 ], [ -7.215394020000115, 10.257198329999902 ], [ -7.201509950000112, 10.255108829999948 ], [ -7.186872960000073, 10.256503110000025 ], [ -7.178483960000076, 10.257301329999898 ], [ -7.173394200000033, 10.25504683999997 ], [ -7.168795110000087, 10.2530098 ], [ -7.161522870000031, 10.242321009999962 ], [ -7.153884890000089, 10.240599629999913 ], [ -7.136683940000093, 10.241491319999973 ], [ -7.134640220000104, 10.240201 ], [ -7.122800830000081, 10.232739449999883 ], [ -7.118741040000081, 10.230179789999923 ], [ -7.113974090000102, 10.22931767 ], [ -7.094544890000037, 10.225803379999931 ], [ -7.089560990000049, 10.224901199999977 ], [ -7.089310170000079, 10.224653239999981 ], [ -7.082468030000083, 10.21789074 ], [ -7.077493190000045, 10.20930099 ], [ -7.069890020000052, 10.190328599999987 ], [ -7.063545230000084, 10.18011189000002 ], [ -7.054952140000076, 10.170465469999989 ], [ -7.049753190000057, 10.16462897999989 ], [ -7.047339920000045, 10.16191958999989 ], [ -7.045536990000084, 10.161319729999903 ], [ -7.040181160000053, 10.159510609999877 ], [ -7.030167100000067, 10.161430359999912 ], [ -7.025029180000036, 10.164209369999988 ], [ -7.016118050000092, 10.169031139999973 ], [ -6.984850880000032, 10.189210889999877 ], [ -6.982718940000115, 10.190587039999961 ], [ -6.976613040000107, 10.194527629999868 ], [ -6.975772860000045, 10.19507027 ], [ -6.974741940000101, 10.197196960000021 ], [ -6.974332810000089, 10.19804192000003 ], [ -6.973989010000064, 10.19827079999996 ], [ -6.972447870000092, 10.19930077 ], [ -6.969654560000077, 10.201191903333317 ], [ -6.966001990000109, 10.211009979999915 ], [ -6.965371130000047, 10.221581460000017 ], [ -6.966763970000095, 10.23631953999989 ], [ -6.967444900000036, 10.23861884999998 ], [ -6.97095299000004, 10.250417710000022 ], [ -6.978427890000077, 10.262491229999881 ], [ -6.987092970000091, 10.27275181000001 ], [ -6.989507200000094, 10.281761169999911 ], [ -6.994987960000071, 10.28781891000002 ], [ -6.997068880000118, 10.303030010000043 ], [ -6.995326040000066, 10.310601229999968 ], [ -6.977698800000059, 10.338378909999967 ], [ -6.968191150000052, 10.347107890000025 ], [ -6.967905040000094, 10.347371100000046 ], [ -6.966618060000101, 10.348550800000041 ], [ -6.964124200000082, 10.351697920000021 ], [ -6.958741190000111, 10.35849189999994 ], [ -6.952307465000068, 10.366556170000074 ], [ -6.948145870000083, 10.369206429999885 ], [ -6.947463990000063, 10.36964035 ], [ -6.946690080000067, 10.36940002 ], [ -6.941142560000074, 10.36766529 ], [ -6.940341950000089, 10.367318149999882 ], [ -6.934069160000039, 10.364589689999988 ], [ -6.910758020000035, 10.369279860000013 ], [ -6.898900030000071, 10.369778629999978 ], [ -6.865327840000074, 10.36233997 ], [ -6.854406830000098, 10.362389560000025 ], [ -6.850746150000081, 10.365570070000018 ], [ -6.849740980000046, 10.366441729999927 ], [ -6.843715190000093, 10.371677399999875 ], [ -6.841907020000054, 10.37324715 ], [ -6.839581010000067, 10.375267029999875 ], [ -6.839323040000039, 10.375491140000037 ], [ -6.839034080000111, 10.37553787 ], [ -6.820706840000096, 10.378548619999968 ], [ -6.797387120000092, 10.38239193 ], [ -6.795031070000107, 10.383103369999979 ], [ -6.791310790000043, 10.38422584999995 ], [ -6.77426481000008, 10.38937092000004 ], [ -6.764727120000074, 10.390131949999947 ], [ -6.764007090000096, 10.39150238 ], [ -6.722694870000062, 10.374489779999962 ], [ -6.70923519000009, 10.359540939999967 ], [ -6.705605980000101, 10.358389850000023 ], [ -6.699296, 10.356380460000032 ], [ -6.690465930000094, 10.356471059999983 ], [ -6.678081040000055, 10.36063099 ], [ -6.672196870000096, 10.365130419999964 ], [ -6.671949860000087, 10.36569690999994 ], [ -6.667932030000095, 10.374935150000042 ], [ -6.664894580000041, 10.381855010000073 ], [ -6.660672190000088, 10.386419299999979 ], [ -6.659892080000112, 10.3872633 ], [ -6.654057030000043, 10.393570899999915 ], [ -6.654843810000038, 10.394992829999971 ], [ -6.655355930000045, 10.395918850000029 ], [ -6.653738020000116, 10.39900207999996 ], [ -6.653161050000072, 10.400100709999911 ], [ -6.652455810000074, 10.400488849999874 ], [ -6.645885940000046, 10.404111859999972 ], [ -6.637574200000046, 10.414311410000032 ], [ -6.636816020000108, 10.41583538 ], [ -6.632233140000082, 10.425047870000014 ], [ -6.631790160000111, 10.42593861 ], [ -6.630540850000038, 10.435833930000015 ], [ -6.630167010000104, 10.438791279999926 ], [ -6.631268020000075, 10.44202995000002 ], [ -6.63474607000008, 10.44256115 ], [ -6.638257980000045, 10.441011430000032 ], [ -6.644506930000077, 10.442269330000016 ], [ -6.646093850000106, 10.444601060000032 ], [ -6.644186020000081, 10.448849680000023 ], [ -6.643579960000118, 10.450200079999938 ], [ -6.643432140000055, 10.450531009999963 ], [ -6.643833160000106, 10.451898569999869 ], [ -6.644309040000046, 10.453531269999871 ], [ -6.648674010000072, 10.456370349999943 ], [ -6.653306960000066, 10.457140919999929 ], [ -6.656930925000065, 10.455426694999936 ], [ -6.658929820000075, 10.454481120000032 ], [ -6.666086200000048, 10.457140919999929 ], [ -6.674959180000034, 10.467870709999893 ], [ -6.679163930000037, 10.466571809999891 ], [ -6.681191920000057, 10.470049859999897 ], [ -6.676321980000083, 10.482619290000017 ], [ -6.676743980000094, 10.485162729999963 ], [ -6.682528020000117, 10.486641880000043 ], [ -6.684803010000056, 10.48944092 ], [ -6.67750502000009, 10.507710460000041 ], [ -6.681460860000104, 10.520429610000022 ], [ -6.679379940000057, 10.533049579999883 ], [ -6.676639080000118, 10.532405849999911 ], [ -6.674056050000093, 10.531801219999977 ], [ -6.665411950000038, 10.534410480000041 ], [ -6.66469622000006, 10.53565597999998 ], [ -6.66421890000009, 10.53648757999995 ], [ -6.663970950000092, 10.536919589999904 ], [ -6.664114000000115, 10.537215230000029 ], [ -6.667635920000109, 10.544505120000032 ], [ -6.669981960000065, 10.549361229999931 ], [ -6.670248030000053, 10.54991055 ], [ -6.669229030000118, 10.554949760000028 ], [ -6.670266150000042, 10.565144539999871 ], [ -6.670662880000094, 10.569041249999877 ], [ -6.671010970000118, 10.572468759999964 ], [ -6.668044090000041, 10.586059569999946 ], [ -6.66670799000007, 10.592169760000047 ], [ -6.669214726666755, 10.59609794666666 ], [ -6.675226210000101, 10.596920009999977 ], [ -6.676902770000087, 10.598637579999888 ], [ -6.677035013333438, 10.598821956666626 ], [ -6.676987170000054, 10.60247040000003 ], [ -6.675549030000077, 10.606245989999962 ], [ -6.675364020000046, 10.606731409999888 ], [ -6.67211008000011, 10.615268709999988 ], [ -6.672830100000088, 10.618759159999954 ], [ -6.673395160000034, 10.621500969999886 ], [ -6.673175810000092, 10.622212409999953 ], [ -6.671914100000059, 10.62631035 ], [ -6.668150900000086, 10.629699709999947 ], [ -6.667661190000068, 10.630141259999981 ], [ -6.6673889200001, 10.630195620000038 ], [ -6.656108860000082, 10.632496830000015 ], [ -6.654128070000059, 10.632901189999984 ], [ -6.649199960000068, 10.635341640000028 ], [ -6.646891120000081, 10.638734819999939 ], [ -6.646574970000035, 10.639200209999984 ], [ -6.650002, 10.642491339999978 ], [ -6.653172020000092, 10.641573910000012 ], [ -6.656781200000111, 10.640528679999946 ], [ -6.658586030000052, 10.643560409999886 ], [ -6.657533170000068, 10.645999910000022 ], [ -6.657330990000037, 10.646469119999942 ], [ -6.651793960000113, 10.659311289999984 ], [ -6.644699100000079, 10.666091920000042 ], [ -6.642239090000107, 10.672245029999957 ], [ -6.636693, 10.670991899999926 ], [ -6.6302399600001, 10.669532779999898 ], [ -6.625244140000103, 10.668404579999986 ], [ -6.6235008200001, 10.66801071 ], [ -6.616169930000076, 10.660042760000017 ], [ -6.615974900000104, 10.659831049999909 ], [ -6.613666060000117, 10.650070189999916 ], [ -6.611220840000037, 10.639731409999975 ], [ -6.605220790000082, 10.632889750000018 ], [ -6.600553990000041, 10.627569199999883 ], [ -6.595581050000071, 10.621898649999927 ], [ -6.593289850000033, 10.621437070000013 ], [ -6.586708070000086, 10.620107649999973 ], [ -6.573830130000108, 10.61750698 ], [ -6.573492050000112, 10.617439269999906 ], [ -6.573042870000073, 10.617194179999963 ], [ -6.566410060000077, 10.613577839999977 ], [ -6.565203190000052, 10.612919809999887 ], [ -6.560595990000056, 10.608030319999983 ], [ -6.558588980000085, 10.60589981 ], [ -6.557503220000044, 10.605359080000028 ], [ -6.552826880000101, 10.603030199999985 ], [ -6.550027850000056, 10.596901889999899 ], [ -6.548801900000051, 10.594219209999977 ], [ -6.548161980000039, 10.593524929999909 ], [ -6.54587698000007, 10.591041559999958 ], [ -6.544927120000082, 10.590009689999931 ], [ -6.539867880000077, 10.58693123000004 ], [ -6.537855150000077, 10.586167339999896 ], [ -6.531497, 10.583758349999883 ], [ -6.523215770000107, 10.58061886 ], [ -6.513088230000058, 10.576779370000018 ], [ -6.504285575000029, 10.574865339999924 ], [ -6.500904080000108, 10.576569559999982 ], [ -6.499557020000118, 10.57767963 ], [ -6.497340200000107, 10.577870369999964 ], [ -6.490705010000092, 10.578440669999985 ], [ -6.475545880000105, 10.571284290000015 ], [ -6.468565940000076, 10.567988399999983 ], [ -6.466650960000081, 10.567084309999871 ], [ -6.463319780000059, 10.565510749999973 ], [ -6.461877820000034, 10.564829829999944 ], [ -6.459821220000045, 10.5649004 ], [ -6.459163190000044, 10.564922330000044 ], [ -6.454010960000073, 10.565096859999919 ], [ -6.444196220000059, 10.565428729999937 ], [ -6.440736770000083, 10.567377090000029 ], [ -6.431512830000102, 10.572569849999979 ], [ -6.41515589000004, 10.589988709999886 ], [ -6.401052, 10.598481179999915 ], [ -6.39648008000005, 10.60713958999991 ], [ -6.396512030000117, 10.609010699999921 ], [ -6.396594050000065, 10.613580700000036 ], [ -6.400442120000044, 10.619628909999975 ], [ -6.408260820000105, 10.624600409999914 ], [ -6.420338150000099, 10.625510219999967 ], [ -6.421504970000097, 10.677510260000041 ], [ -6.419569970000044, 10.694728849999898 ], [ -6.416440960000052, 10.700658799999914 ], [ -6.400895120000044, 10.709080699999973 ], [ -6.396708010000079, 10.711351389999912 ], [ -6.393204210000075, 10.710751529999925 ], [ -6.390677930000038, 10.710321430000043 ], [ -6.388357160000041, 10.710995669999967 ], [ -6.382493020000052, 10.712699889999932 ], [ -6.37982512000011, 10.711629870000039 ], [ -6.376485820000038, 10.71029091 ], [ -6.366591930000048, 10.709683419999926 ], [ -6.360683920000071, 10.709320069999968 ], [ -6.359451770000085, 10.708766940000032 ], [ -6.353759770000039, 10.706209179999966 ], [ -6.350481030000093, 10.694648740000019 ], [ -6.34697819000008, 10.696208949999971 ], [ -6.324678900000041, 10.706138609999989 ], [ -6.319074150000109, 10.7074194 ], [ -6.310575010000058, 10.714170459999927 ], [ -6.29093599000004, 10.722680089999955 ], [ -6.289702890000065, 10.72322273 ], [ -6.283168790000065, 10.724250789999978 ], [ -6.274922850000092, 10.729847909999989 ], [ -6.269728180000072, 10.731755259999971 ], [ -6.267169, 10.732693669999904 ], [ -6.256415840000034, 10.736639980000014 ], [ -6.253564830000041, 10.736445429999904 ], [ -6.248219970000118, 10.736080169999973 ], [ -6.246427060000098, 10.733540529999985 ], [ -6.241806980000103, 10.73254013 ], [ -6.238160130000075, 10.73159885 ], [ -6.217734810000103, 10.726328849999966 ], [ -6.214879040000071, 10.722028729999977 ], [ -6.219305040000084, 10.71217155 ], [ -6.219531060000044, 10.711669919999977 ], [ -6.226550100000111, 10.704092030000034 ], [ -6.228535180000044, 10.702889439999915 ], [ -6.230264190000106, 10.701841349999974 ], [ -6.233303070000101, 10.699998859999937 ], [ -6.225536585, 10.684752940000052 ], [ -6.227668760000032, 10.68135262 ], [ -6.234645840000091, 10.670419689999918 ], [ -6.235434060000117, 10.665250779999987 ], [ -6.230935100000107, 10.657340049999952 ], [ -6.228756900000093, 10.657581330000021 ], [ -6.222081180000099, 10.658320429999975 ], [ -6.221152780000111, 10.657670019999983 ], [ -6.216343880000036, 10.654299739999928 ], [ -6.215950010000043, 10.650611879999971 ], [ -6.213015080000034, 10.646189689999915 ], [ -6.204709050000062, 10.642812730000017 ], [ -6.200592990000114, 10.639280319999955 ], [ -6.198441030000051, 10.639525409999983 ], [ -6.196463110000089, 10.639748569999973 ], [ -6.195620060000056, 10.639844889999949 ], [ -6.192037345000095, 10.640252589999932 ], [ -6.19015694000003, 10.637701029999931 ], [ -6.188539030000101, 10.633621219999966 ], [ -6.190774920000091, 10.629890440000011 ], [ -6.198139190000035, 10.621978759999891 ], [ -6.202544210000088, 10.620615959999931 ], [ -6.203053, 10.620458599999878 ], [ -6.215123180000109, 10.621379849999897 ], [ -6.218636990000054, 10.620072359999988 ], [ -6.220631120000114, 10.617876049999893 ], [ -6.223152160000073, 10.615100859999956 ], [ -6.225121020000085, 10.60937977 ], [ -6.221611980000091, 10.598499299999908 ], [ -6.219079020000034, 10.597300529999927 ], [ -6.218729970000108, 10.597483629999978 ], [ -6.212737080000036, 10.6006279 ], [ -6.210415840000088, 10.600361819999911 ], [ -6.210356240000042, 10.599752429999938 ], [ -6.210029130000066, 10.596441269999978 ], [ -6.2153120000001, 10.587800979999884 ], [ -6.215881820000085, 10.582289699999954 ], [ -6.210281850000104, 10.583330149999981 ], [ -6.210649010000107, 10.57643986 ], [ -6.212160110000081, 10.57049084 ], [ -6.225705150000099, 10.555191039999919 ], [ -6.226103545000022, 10.554739 ], [ -6.22727394000005, 10.55427742 ], [ -6.231576920000098, 10.552802089999965 ], [ -6.235834120000089, 10.551342959999943 ], [ -6.239521030000056, 10.550079349999926 ], [ -6.244020460000016, 10.54549456 ], [ -6.244884970000047, 10.544614789999869 ], [ -6.246397020000099, 10.54308033 ], [ -6.2511191400001, 10.527301789999932 ], [ -6.249825, 10.521980289999988 ], [ -6.248259070000067, 10.51969909999989 ], [ -6.247304920000079, 10.51831245 ], [ -6.245985030000117, 10.51638889 ], [ -6.242402080000048, 10.515419960000038 ], [ -6.237792970000072, 10.513991359999963 ], [ -6.235544200000081, 10.514168739999896 ], [ -6.231937890000033, 10.514451979999969 ], [ -6.23153877000005, 10.514975549999946 ], [ -6.225763800000067, 10.522559169999923 ], [ -6.224654200000096, 10.52350903 ], [ -6.22252321000008, 10.524168969999977 ], [ -6.221889970000088, 10.524365429999982 ], [ -6.220252990000091, 10.524871830000045 ], [ -6.219266890000036, 10.523811339999874 ], [ -6.215240960000084, 10.519479749999945 ], [ -6.213338850000088, 10.518877979999985 ], [ -6.212522030000095, 10.518619539999918 ], [ -6.212294100000065, 10.51818466 ], [ -6.209784980000116, 10.513401029999876 ], [ -6.208161830000108, 10.513130189999941 ], [ -6.205926900000108, 10.508489609999934 ], [ -6.208611010000059, 10.501871109999882 ], [ -6.204998970000069, 10.49650955 ], [ -6.198727130000098, 10.496390339999905 ], [ -6.194512840000105, 10.497920989999983 ], [ -6.178483010000107, 10.49761105000001 ], [ -6.172825810000099, 10.495567320000021 ], [ -6.170403960000087, 10.494691849999967 ], [ -6.167828080000032, 10.491428380000045 ], [ -6.167459010000048, 10.490961070000012 ], [ -6.165996070000062, 10.488041879999976 ], [ -6.164747240000118, 10.485549929999934 ], [ -6.165235040000066, 10.484974859999959 ], [ -6.168344020000088, 10.48131084000002 ], [ -6.170300010000101, 10.480114939999929 ], [ -6.17122412000009, 10.479550360000019 ], [ -6.1752700800001, 10.47707843999995 ], [ -6.177162170000067, 10.475921629999895 ], [ -6.180275920000039, 10.474019050000038 ], [ -6.182302950000068, 10.472780230000033 ], [ -6.1829280900001, 10.472390169999912 ], [ -6.185385230000101, 10.469772339999935 ], [ -6.188858030000116, 10.466070180000038 ], [ -6.189013, 10.46568393999997 ], [ -6.189868930000092, 10.463554379999891 ], [ -6.191060070000059, 10.460591319999956 ], [ -6.190334800000091, 10.450578689999908 ], [ -6.189959050000088, 10.44539165 ], [ -6.187439920000109, 10.443499569999936 ], [ -6.187327860000075, 10.443256379999973 ], [ -6.187073230000056, 10.44270611000001 ], [ -6.184544090000049, 10.43723010999998 ], [ -6.168450830000044, 10.428409579999986 ], [ -6.163660050000047, 10.423950199999965 ], [ -6.161673070000045, 10.41862106 ], [ -6.164123060000076, 10.41222095 ], [ -6.166765210000108, 10.409865379999871 ], [ -6.167903900000088, 10.408849720000035 ], [ -6.171401980000063, 10.408221239999989 ], [ -6.177574160000049, 10.413398740000012 ], [ -6.178975110000057, 10.412586210000015 ], [ -6.183094980000053, 10.410193440000015 ], [ -6.184857850000075, 10.4091692 ], [ -6.185749050000094, 10.40516853 ], [ -6.186595920000087, 10.401365279999915 ], [ -6.188358780000108, 10.393443109999907 ], [ -6.188680170000055, 10.39200114999997 ], [ -6.1896758100001, 10.39069843 ], [ -6.192492960000045, 10.387008669999894 ], [ -6.190199850000116, 10.384330749999926 ], [ -6.188519, 10.3823576 ], [ -6.187497140000048, 10.381158830000025 ], [ -6.186916830000083, 10.379677769999958 ], [ -6.183956150000075, 10.372119899999987 ], [ -6.174057010000094, 10.36756229 ], [ -6.166647910000083, 10.36627197 ], [ -6.165571930000052, 10.363235470000028 ], [ -6.167202, 10.361680979999932 ], [ -6.174644950000069, 10.361127849999903 ], [ -6.1757187800001, 10.36008453 ], [ -6.185500140000105, 10.350585939999945 ], [ -6.186484810000042, 10.349629400000026 ], [ -6.191610810000064, 10.34881115 ], [ -6.194942950000076, 10.344731329999945 ], [ -6.197751050000072, 10.338149070000043 ], [ -6.198348050000085, 10.336750029999926 ], [ -6.197731020000102, 10.33283042999998 ], [ -6.192767140000083, 10.325369829999971 ], [ -6.187479020000058, 10.322507859999959 ], [ -6.185462, 10.318790439999958 ], [ -6.187292100000047, 10.317048069999942 ], [ -6.192088130000034, 10.312481879999879 ], [ -6.194134240000043, 10.305148119999885 ], [ -6.194834230000051, 10.302639959999922 ], [ -6.19957685000006, 10.302496909999903 ], [ -6.201686860000116, 10.308520320000014 ], [ -6.204631810000066, 10.312987330000041 ], [ -6.205098150000104, 10.313653950000045 ], [ -6.213644030000115, 10.314728739999978 ], [ -6.219016080000067, 10.313220019999932 ], [ -6.220600130000037, 10.312120439999902 ], [ -6.225134850000074, 10.308968539999881 ], [ -6.226844790000069, 10.30807781 ], [ -6.227420810000034, 10.30777836 ], [ -6.232809070000084, 10.304969789999959 ], [ -6.235191820000058, 10.30239391 ], [ -6.238914970000092, 10.298370359999886 ], [ -6.239284040000076, 10.297969819999963 ], [ -6.231387140000116, 10.290478709999917 ], [ -6.225740910000038, 10.281690600000026 ], [ -6.223703860000068, 10.26294041 ], [ -6.222620960000086, 10.259011269999895 ], [ -6.217329030000101, 10.256381029999872 ], [ -6.201973920000064, 10.25792788999987 ], [ -6.199669840000116, 10.256961819999873 ], [ -6.199010850000036, 10.255567549999888 ], [ -6.198150160000054, 10.253748889999954 ], [ -6.197762970000081, 10.25292969000003 ], [ -6.193562030000038, 10.25153065 ], [ -6.195426940000065, 10.238690380000037 ], [ -6.191968920000118, 10.235750200000034 ], [ -6.183538910000102, 10.228580470000026 ], [ -6.172730920000063, 10.222628589999971 ], [ -6.171041970000118, 10.222756389999887 ], [ -6.162191870000072, 10.22342014 ], [ -6.158081050000114, 10.22373198999987 ], [ -6.149538040000074, 10.221039769999962 ], [ -6.132554050000088, 10.210371969999883 ], [ -6.12127304000008, 10.205100059999872 ], [ -6.100946900000054, 10.199198719999913 ], [ -6.084571840000091, 10.198705669999974 ], [ -6.080059050000092, 10.198570250000046 ], [ -6.060688970000033, 10.203721049999899 ], [ -6.051166060000096, 10.203768729999936 ], [ -6.045869830000111, 10.20136929 ], [ -6.041411880000119, 10.200881 ], [ -6.023159980000031, 10.198860169999968 ], [ -6.011456970000101, 10.203701019999933 ], [ -6.005209920000048, 10.20890617000002 ], [ -6.000129220000044, 10.21314143999988 ], [ -5.99571896000009, 10.216814989999897 ], [ -5.990684990000045, 10.221011159999989 ], [ -5.987079140000034, 10.227378849999987 ], [ -5.983592030000079, 10.239501 ], [ -5.976357940000071, 10.253160480000034 ], [ -5.974533080000072, 10.263468740000022 ], [ -5.976113800000032, 10.277758599999942 ], [ -5.97507, 10.278113369999893 ], [ -5.97097015000006, 10.279500009999964 ], [ -5.96783209000003, 10.278609279999891 ], [ -5.964036940000078, 10.277528759999932 ], [ -5.963654990000094, 10.27757359 ], [ -5.9610519400001, 10.277878759999936 ], [ -5.957285880000068, 10.278320309999877 ], [ -5.940691950000115, 10.283509250000044 ], [ -5.924584870000032, 10.275611880000042 ], [ -5.912471770000099, 10.277440069999962 ], [ -5.910942075, 10.278585430000049 ], [ -5.909172060000106, 10.279911040000044 ], [ -5.908917900000038, 10.280255320000016 ], [ -5.905829910000065, 10.284440990000043 ], [ -5.911077020000072, 10.301099779999944 ], [ -5.910791870000104, 10.303254129999935 ], [ -5.910255910000078, 10.307313920000027 ], [ -5.909711840000092, 10.311430929999872 ], [ -5.908506870000046, 10.31414509 ], [ -5.908043860000106, 10.315189359999984 ], [ -5.906066890000044, 10.319640159999921 ], [ -5.904161930000079, 10.320843700000026 ], [ -5.902895930000046, 10.321644779999872 ], [ -5.895481110000095, 10.326330180000028 ], [ -5.896389960000064, 10.335931779999903 ], [ -5.896440030000033, 10.33646965 ], [ -5.894822120000104, 10.342613219999926 ], [ -5.894435880000032, 10.344081880000033 ], [ -5.893426900000037, 10.347910880000029 ], [ -5.888347150000111, 10.358160020000014 ], [ -5.888857840000089, 10.367600439999968 ], [ -5.8843312300001, 10.373258589999963 ], [ -5.88366795000011, 10.37359715 ], [ -5.881607060000032, 10.374647140000015 ], [ -5.876202110000111, 10.3774013499999 ], [ -5.875483990000113, 10.377844809999914 ], [ -5.873148440000048, 10.379294395000038 ], [ -5.870821, 10.38073921000003 ], [ -5.868546010000092, 10.379960060000045 ], [ -5.864870070000055, 10.378700259999903 ], [ -5.85957813000007, 10.379173279999961 ], [ -5.858805180000065, 10.379241939999872 ], [ -5.849398140000034, 10.382337570000033 ], [ -5.848216535000056, 10.382760045 ], [ -5.846076965000041, 10.384418009999948 ], [ -5.840864180000032, 10.388458249999928 ], [ -5.837552070000079, 10.391025539999895 ], [ -5.828927990000082, 10.397709849999977 ], [ -5.829511170000107, 10.403249739999872 ], [ -5.828505990000071, 10.405441280000012 ], [ -5.825129030000081, 10.412820819999979 ], [ -5.821481230000064, 10.41766167000003 ], [ -5.820330140000035, 10.419175150000022 ], [ -5.814229970000056, 10.422940249999975 ], [ -5.811307910000046, 10.423028949999946 ], [ -5.810679910000044, 10.423048019999925 ], [ -5.809516905, 10.423107150000021 ], [ -5.806354520000095, 10.424391750000083 ], [ -5.804190160000072, 10.42527199 ], [ -5.800839900000071, 10.427514079999874 ], [ -5.799451830000063, 10.428442959999906 ], [ -5.79726315000007, 10.42990779999996 ], [ -5.796521190000053, 10.430404660000036 ], [ -5.790522100000089, 10.43441962999988 ], [ -5.785819050000068, 10.436547279999971 ], [ -5.783804890000038, 10.437458039999925 ], [ -5.777385230000093, 10.440361980000034 ], [ -5.77250814000006, 10.440250400000039 ], [ -5.771650790000088, 10.439736369999871 ], [ -5.769745585000102, 10.43859290999994 ], [ -5.757822990000122, 10.431441309999919 ], [ -5.752329830000097, 10.431421279999952 ], [ -5.749699120000034, 10.431412699999953 ], [ -5.749152180000078, 10.431411739999959 ], [ -5.745800970000086, 10.4314003 ], [ -5.74505091000011, 10.431830409999961 ], [ -5.741300110000097, 10.433978080000024 ], [ -5.740640160000115, 10.43435669 ], [ -5.739140030000073, 10.435215950000043 ], [ -5.738115790000059, 10.435802459999984 ], [ -5.735237120000086, 10.43745136 ], [ -5.733335495000041, 10.43770361 ], [ -5.708201890000058, 10.441040989999905 ], [ -5.700797080000047, 10.444520949999891 ], [ -5.679665090000046, 10.46115875000001 ], [ -5.676299100000076, 10.462869639999901 ], [ -5.67257690000012, 10.462539669999956 ], [ -5.653420930000102, 10.456391329999903 ], [ -5.640603070000122, 10.458190920000028 ], [ -5.638020040000097, 10.457304949999909 ], [ -5.63773394000005, 10.457205769999966 ], [ -5.626387913333414, 10.453310649999914 ], [ -5.611876960000078, 10.454130169999949 ], [ -5.597033020000058, 10.452659609999955 ], [ -5.58956194000007, 10.454341889999974 ], [ -5.579412940000111, 10.461480139999956 ], [ -5.569808010000049, 10.464960100000027 ], [ -5.563094140000096, 10.463891029999949 ], [ -5.56079102000005, 10.461396220000026 ], [ -5.558597090000067, 10.459018710000045 ], [ -5.5535597800001, 10.453561779999909 ], [ -5.543715, 10.44691181 ], [ -5.543297770000116, 10.446531300000046 ], [ -5.539352890000121, 10.442927359999928 ], [ -5.535060880000092, 10.439004900000015 ], [ -5.533916950000123, 10.437958719999962 ], [ -5.532735820000095, 10.43769836 ], [ -5.530447960000068, 10.437191010000035 ], [ -5.524500850000052, 10.43292046 ], [ -5.51891804000007, 10.433259960000029 ], [ -5.51554060000004, 10.428360939999955 ], [ -5.516627310000072, 10.425589559999892 ], [ -5.517509940000092, 10.42333984 ], [ -5.513797760000077, 10.423030849999925 ], [ -5.513315680000069, 10.423255919999896 ], [ -5.511141780000056, 10.424274439999969 ], [ -5.509100910000036, 10.425230029999987 ], [ -5.509521010000068, 10.41673183000001 ], [ -5.508325100000061, 10.415322299999914 ], [ -5.502954010000099, 10.408991809999975 ], [ -5.499718190000063, 10.408229829999904 ], [ -5.48652983000007, 10.384710309999974 ], [ -5.489180090000062, 10.3803997 ], [ -5.489007470000079, 10.380003930000036 ], [ -5.488073830000101, 10.377849579999953 ], [ -5.482824800000113, 10.373590469999982 ], [ -5.480215070000099, 10.375473980000038 ], [ -5.478808880000102, 10.376488689999974 ], [ -5.472764970000071, 10.37681865999992 ], [ -5.468659880000054, 10.373279570000015 ], [ -5.468788150000098, 10.372902870000019 ], [ -5.469902040000068, 10.369630809999919 ], [ -5.467116830000101, 10.36461353 ], [ -5.465038775000025, 10.360729695 ], [ -5.46760321000011, 10.358079909999958 ], [ -5.467251780000076, 10.3561182 ], [ -5.467190270000049, 10.355772019999961 ], [ -5.47261, 10.352211950000012 ], [ -5.471324440000075, 10.350411419999979 ], [ -5.468103890000059, 10.34590053999996 ], [ -5.461451050000093, 10.342068669999989 ], [ -5.451479910000106, 10.341389660000033 ], [ -5.446682930000041, 10.337841989999951 ], [ -5.445661070000046, 10.33507823999998 ], [ -5.444709780000117, 10.332500460000034 ], [ -5.444407940000101, 10.325131419999963 ], [ -5.440806870000042, 10.319989200000023 ], [ -5.440309520000103, 10.31985474 ], [ -5.438035960000104, 10.319238659999918 ], [ -5.433795930000112, 10.321970940000035 ], [ -5.432850840000075, 10.322580339999917 ], [ -5.428198810000101, 10.322942729999973 ], [ -5.426899430000059, 10.321380620000042 ], [ -5.426058770000047, 10.320369719999974 ], [ -5.425284390000101, 10.31943988999987 ], [ -5.423902990000112, 10.31778144999987 ], [ -5.423182010000055, 10.308340069999929 ], [ -5.417452340000089, 10.306226730000041 ], [ -5.417191030000051, 10.30613040999998 ], [ -5.413080690000044, 10.30177784 ], [ -5.407209870000035, 10.295559879999871 ], [ -5.396762850000108, 10.295331 ], [ -5.391724110000112, 10.292228700000024 ], [ -5.390524860000095, 10.292519570000024 ], [ -5.382151130000118, 10.29455185000004 ], [ -5.3742170300001, 10.285861019999942 ], [ -5.37152672000008, 10.285596850000019 ], [ -5.368192200000049, 10.285269739999954 ], [ -5.365120890000036, 10.287500379999955 ], [ -5.359172820000119, 10.304161069999928 ], [ -5.354701040000048, 10.30681992 ], [ -5.352950570000075, 10.306455609999972 ], [ -5.351011275000022, 10.306035519999945 ], [ -5.352920060000038, 10.30356026000004 ], [ -5.352028370000067, 10.301699640000017 ], [ -5.351627830000055, 10.301582339999904 ], [ -5.346030240000093, 10.29994965 ], [ -5.334569450000043, 10.29325961999988 ], [ -5.329689980000079, 10.293379779999967 ], [ -5.328269960000092, 10.294652939999878 ], [ -5.320681100000041, 10.301460270000014 ], [ -5.313941, 10.301540369999984 ], [ -5.309153080000112, 10.30787086 ], [ -5.307659630000089, 10.3061533 ], [ -5.307119850000102, 10.305529589999914 ], [ -5.306169030000035, 10.305303570000042 ], [ -5.303880210000106, 10.30475998 ], [ -5.302590370000054, 10.306711199999896 ], [ -5.301476960000034, 10.308390620000026 ], [ -5.302090170000056, 10.312081340000042 ], [ -5.304333690000057, 10.313344959999966 ], [ -5.308050160000072, 10.315440179999953 ], [ -5.306415560000094, 10.316988950000024 ], [ -5.304965970000058, 10.318360329999898 ], [ -5.304386620000084, 10.318546299999916 ], [ -5.3040304200001, 10.31866073999997 ], [ -5.300286770000056, 10.319861410000016 ], [ -5.295434950000072, 10.318840029999883 ], [ -5.29006767000007, 10.31340981 ], [ -5.286047460000059, 10.309415345 ], [ -5.281252860000102, 10.309090609999949 ], [ -5.280673030000088, 10.314131739999965 ], [ -5.278551100000112, 10.315690990000014 ], [ -5.277251240000119, 10.31555557 ], [ -5.270999910000068, 10.314903259999937 ], [ -5.270209790000063, 10.31482029 ], [ -5.267453670000105, 10.311287879999938 ], [ -5.266370770000034, 10.309899329999979 ], [ -5.259325980000057, 10.313190459999973 ], [ -5.25024223000004, 10.31435966 ], [ -5.246215820000049, 10.314626689999969 ], [ -5.240429880000047, 10.315010069999985 ], [ -5.232100010000057, 10.315560339999948 ], [ -5.222489360000054, 10.309360499999983 ], [ -5.210111140000034, 10.322191239999967 ], [ -5.206855770000068, 10.32234954999992 ], [ -5.205605980000044, 10.31611061 ], [ -5.206422810000038, 10.314434050000017 ], [ -5.208045960000046, 10.311109540000018 ], [ -5.207471850000061, 10.310379979999873 ], [ -5.206015110000056, 10.30852985 ], [ -5.196112160000116, 10.304848669999885 ], [ -5.192392830000042, 10.302061079999987 ], [ -5.187210080000121, 10.298970219999958 ], [ -5.191160200000105, 10.29065037 ], [ -5.187560080000036, 10.284790039999876 ], [ -5.174950120000116, 10.291390420000035 ], [ -5.170899870000106, 10.28559971 ], [ -5.163020130000056, 10.284910199999963 ], [ -5.15750980000012, 10.283929820000026 ], [ -5.147999760000094, 10.287960049999889 ], [ -5.144181250000074, 10.292186739999927 ], [ -5.136859890000039, 10.30029011 ], [ -5.132490160000064, 10.30105972 ], [ -5.13144016000005, 10.307900429999968 ], [ -5.128709790000091, 10.307089810000043 ], [ -5.124259950000059, 10.298489569999887 ], [ -5.114729880000063, 10.30412005999991 ], [ -5.111060140000095, 10.304679869999951 ], [ -5.114640240000107, 10.291480059999898 ], [ -5.117579940000066, 10.286379809999964 ], [ -5.117819790000105, 10.285960199999977 ], [ -5.118939880000056, 10.284799579999955 ], [ -5.121175290000096, 10.28247929 ], [ -5.120882030000079, 10.282369609999982 ], [ -5.120500090000096, 10.27877045 ], [ -5.104060170000096, 10.275639530000021 ], [ -5.09902, 10.27210044999994 ], [ -5.100249770000037, 10.26856994999995 ], [ -5.10670996000005, 10.261670109999976 ], [ -5.113920210000039, 10.259149549999968 ], [ -5.118760110000103, 10.25642014 ], [ -5.12087011000007, 10.249730109999973 ], [ -5.119619850000095, 10.24217987 ], [ -5.113820080000103, 10.238109589999944 ], [ -5.107240200000046, 10.23795033 ], [ -5.108819960000105, 10.228960039999897 ], [ -5.117050170000109, 10.223580360000028 ], [ -5.122745510000076, 10.209447859999898 ], [ -5.122930050000068, 10.208990100000037 ], [ -5.102516410000085, 10.217799190000065 ], [ -5.096938610000073, 10.224342349999922 ], [ -5.094820980000097, 10.226840969999984 ], [ -5.089075090000033, 10.219030379999879 ], [ -5.088639740000072, 10.212709430000018 ], [ -5.08848, 10.210359570000016 ], [ -5.090363030000105, 10.203997610000044 ], [ -5.091250900000116, 10.201000210000018 ], [ -5.092890740000083, 10.198031429999872 ], [ -5.098529820000103, 10.187829970000017 ], [ -5.111595150000042, 10.184911729999968 ], [ -5.113587380000123, 10.18259144000001 ], [ -5.114699840000064, 10.181300160000013 ], [ -5.11390209000005, 10.179624560000022 ], [ -5.113591190000083, 10.178970339999893 ], [ -5.110403060000085, 10.176368710000013 ], [ -5.105080130000111, 10.175559999999891 ], [ -5.099188330000054, 10.178097719999897 ], [ -5.095466140000099, 10.179700850000025 ], [ -5.07472801000009, 10.182901379999898 ], [ -5.073595050000051, 10.181730269999989 ], [ -5.074130060000087, 10.178970339999893 ], [ -5.075200560000109, 10.173392299999946 ], [ -5.075507160000075, 10.171799659999891 ], [ -5.077034000000108, 10.163859369999983 ], [ -5.080605980000069, 10.157949449999933 ], [ -5.081141000000105, 10.157060619999932 ], [ -5.080667500000096, 10.154978749999984 ], [ -5.080300330000092, 10.153360370000016 ], [ -5.081592080000036, 10.147871020000039 ], [ -5.079864980000043, 10.14231014 ], [ -5.074615480000105, 10.13887501 ], [ -5.068210120000099, 10.134679789999986 ], [ -5.049242020000083, 10.131701469999939 ], [ -5.044092180000042, 10.123760220000044 ], [ -5.047924040000101, 10.118789669999913 ], [ -5.053171630000058, 10.118910789999987 ], [ -5.054420950000043, 10.118940350000038 ], [ -5.057240010000058, 10.117401119999954 ], [ -5.060229780000075, 10.118620869999894 ], [ -5.063138010000095, 10.123291020000032 ], [ -5.066370010000082, 10.124050139999873 ], [ -5.073860170000049, 10.121239660000036 ], [ -5.078672890000085, 10.12388133999994 ], [ -5.081654070000102, 10.11566925000001 ], [ -5.079954150000049, 10.108959200000022 ], [ -5.076529980000061, 10.106579779999969 ], [ -5.069736, 10.107488629999935 ], [ -5.067491530000062, 10.107789040000014 ], [ -5.066286090000066, 10.107950210000027 ], [ -5.059775350000045, 10.105153079999958 ], [ -5.058930870000072, 10.10479069 ], [ -5.051681040000094, 10.10715198999997 ], [ -5.047879695000073, 10.106170655000042 ], [ -5.047637460000104, 10.105450629999886 ], [ -5.047349930000117, 10.10383034000003 ], [ -5.050393580000062, 10.10112381 ], [ -5.063231950000052, 10.089710240000038 ], [ -5.063992500000097, 10.087944979999904 ], [ -5.065199850000074, 10.08514977 ], [ -5.063800810000046, 10.08236408 ], [ -5.062983040000063, 10.080730439999918 ], [ -5.05899096000007, 10.081860539999894 ], [ -5.052467820000089, 10.083708759999965 ], [ -5.051148410000078, 10.082757949999987 ], [ -5.049499990000111, 10.081568719999908 ], [ -5.047943120000081, 10.08137225999991 ], [ -5.045100210000047, 10.08100986000003 ], [ -5.04279327000004, 10.085749629999981 ], [ -5.041448120000119, 10.088508609999913 ], [ -5.0366978600001, 10.093001369999939 ], [ -5.032959940000087, 10.094059940000044 ], [ -5.027285100000039, 10.098527909999973 ], [ -5.023056980000057, 10.100502009999978 ], [ -5.016788960000046, 10.100811 ], [ -5.013403890000095, 10.103171350000039 ], [ -5.010413170000088, 10.105259899999915 ], [ -5.003714080000115, 10.103949550000031 ], [ -5.009222980000111, 10.096719740000026 ], [ -5.014894010000109, 10.082831380000023 ], [ -5.020103930000058, 10.078351020000042 ], [ -5.02095652000008, 10.07627773 ], [ -5.02207994000004, 10.07355976 ], [ -5.021670820000118, 10.072017669999951 ], [ -5.021224980000088, 10.07032108 ], [ -5.019138340000101, 10.067197800000038 ], [ -5.017640110000038, 10.064949989999946 ], [ -5.012339590000053, 10.06344986 ], [ -5.012056830000105, 10.063525199999923 ], [ -5.010260110000036, 10.064000129999869 ], [ -5.005777840000075, 10.06519318 ], [ -5.004395960000046, 10.06556034 ], [ -4.999999050000042, 10.06362057 ], [ -4.996969700000037, 10.062247279999966 ], [ -4.99372959000009, 10.060778619999951 ], [ -4.992689610000106, 10.058064459999912 ], [ -4.990244870000065, 10.05167103 ], [ -4.986144540000087, 10.048161509999971 ], [ -4.982419970000112, 10.044969560000013 ], [ -4.980380060000083, 10.044453619999956 ], [ -4.971673970000051, 10.042248729999955 ], [ -4.970470910000074, 10.040670390000017 ], [ -4.971022130000119, 10.034898759999955 ], [ -4.969731810000116, 10.029879569999885 ], [ -4.961452010000095, 10.023649219999882 ], [ -4.962083820000057, 10.021100999999895 ], [ -4.968395230000105, 10.01381874 ], [ -4.964807510000085, 10.009323119999898 ], [ -4.964081525000058, 10.008390424999909 ], [ -4.964433190000111, 10.00403118 ], [ -4.975658420000034, 10.007973669999977 ], [ -4.986239910000073, 10.01169014 ], [ -4.988269810000073, 10.010560039999923 ], [ -4.989560130000076, 10.006620409999918 ], [ -4.989122390000094, 10.00105 ], [ -4.989040850000098, 10.000000949999873 ], [ -4.98878384000006, 9.996693609999959 ], [ -4.987830160000112, 9.984370229999946 ], [ -4.987089160000085, 9.98377609 ], [ -4.983089920000122, 9.980569839999916 ], [ -4.972979550000073, 9.976435659999979 ], [ -4.966681000000111, 9.973856929999954 ], [ -4.965038300000085, 9.97187042 ], [ -4.96332979000012, 9.9698 ], [ -4.963196280000087, 9.964635849999944 ], [ -4.96314096000004, 9.96245193 ], [ -4.961536410000061, 9.961116790000013 ], [ -4.959114070000098, 9.959101679999989 ], [ -4.948804860000116, 9.95522022 ], [ -4.94760752000008, 9.953531269999971 ], [ -4.946881770000072, 9.952507969999942 ], [ -4.948092940000098, 9.950252530000022 ], [ -4.949759960000094, 9.94715023000002 ], [ -4.958300110000074, 9.945560459999932 ], [ -4.961500170000082, 9.943409919999986 ], [ -4.962775710000106, 9.941301349999961 ], [ -4.964613910000054, 9.938273429999896 ], [ -4.9613232600001, 9.931817049999935 ], [ -4.960219860000109, 9.929650309999978 ], [ -4.961030010000083, 9.924530029999985 ], [ -4.961420060000115, 9.922030449999937 ], [ -4.964543340000077, 9.914548869999884 ], [ -4.964910510000081, 9.913669589999962 ], [ -4.971789840000046, 9.91028022999992 ], [ -4.972650050000077, 9.907730100000045 ], [ -4.972274780000113, 9.906531329999979 ], [ -4.971519950000097, 9.904120449999986 ], [ -4.968733790000051, 9.895253180000026 ], [ -4.96785212000011, 9.89244366 ], [ -4.959430220000055, 9.885620120000034 ], [ -4.956011770000096, 9.882850649999952 ], [ -4.94085407000005, 9.879550929999958 ], [ -4.939370160000106, 9.875908849999966 ], [ -4.936995030000052, 9.873667719999901 ], [ -4.93547058000004, 9.873568530000043 ], [ -4.934440140000046, 9.873499869999954 ], [ -4.931260110000096, 9.876110080000011 ], [ -4.931154250000041, 9.877514839999975 ], [ -4.930736060000079, 9.883020399999872 ], [ -4.92803097000008, 9.886075969999915 ], [ -4.923400880000056, 9.889347080000029 ], [ -4.919602870000045, 9.892030719999944 ], [ -4.91384315000008, 9.893553730000015 ], [ -4.906919, 9.888209340000039 ], [ -4.894209860000093, 9.878399850000015 ], [ -4.886099820000084, 9.878604889999927 ], [ -4.884197710000088, 9.876938820000014 ], [ -4.88278103000011, 9.875697140000035 ], [ -4.881936550000049, 9.873971940000025 ], [ -4.880340100000119, 9.870699879999918 ], [ -4.87918615000012, 9.87082958 ], [ -4.864612100000048, 9.872465129999959 ], [ -4.857224940000076, 9.864600179999982 ], [ -4.856349470000115, 9.864658359999908 ], [ -4.851668830000083, 9.864967349999894 ], [ -4.847544670000087, 9.867390629999939 ], [ -4.845954900000088, 9.86832428 ], [ -4.831554890000028, 9.863875865 ], [ -4.831142430000096, 9.863603590000032 ], [ -4.829102990000106, 9.862070079999981 ], [ -4.829272750000118, 9.85818005 ], [ -4.829549790000037, 9.85194016 ], [ -4.824668410000093, 9.846735 ], [ -4.820495130000118, 9.842277529999961 ], [ -4.818177220000091, 9.84233475 ], [ -4.813311100000078, 9.842454909999987 ], [ -4.808039190000063, 9.844882969999887 ], [ -4.804328920000117, 9.844971659999942 ], [ -4.795986180000039, 9.835748670000044 ], [ -4.790215970000094, 9.833874699999974 ], [ -4.788739200000119, 9.833395959999976 ], [ -4.788348670000047, 9.832755089999978 ], [ -4.786810870000085, 9.83022213000001 ], [ -4.793580060000085, 9.822935099999974 ], [ -4.79437304000006, 9.817628859999957 ], [ -4.793651580000052, 9.814341550000016 ], [ -4.793069840000058, 9.811679839999876 ], [ -4.796223400000038, 9.800454140000092 ], [ -4.793059830000118, 9.79259968 ], [ -4.788766860000099, 9.787878990000031 ], [ -4.788716790000041, 9.785773279999887 ], [ -4.788701060000072, 9.785123829999975 ], [ -4.790740970000101, 9.783233639999985 ], [ -4.79729795000004, 9.783723829999957 ], [ -4.809319970000075, 9.784620289999964 ], [ -4.816321850000055, 9.786520959999933 ], [ -4.816948410000116, 9.785867689999883 ], [ -4.818130020000094, 9.784640310000022 ], [ -4.809833050000073, 9.768057820000038 ], [ -4.807920460000098, 9.768103599999918 ], [ -4.806358810000116, 9.76814174999997 ], [ -4.803852080000098, 9.769812579999922 ], [ -4.800590990000103, 9.76920222999987 ], [ -4.80045509000005, 9.768789289999987 ], [ -4.79908991000007, 9.76463985000003 ], [ -4.800748830000106, 9.757943149999988 ], [ -4.800981040000046, 9.757007599999945 ], [ -4.800240040000109, 9.75518703000003 ], [ -4.795464040000091, 9.75616836999987 ], [ -4.790092950000041, 9.757272720000032 ], [ -4.789670470000079, 9.756999969999931 ], [ -4.786324020000038, 9.75483608000004 ], [ -4.785090920000062, 9.742451669999951 ], [ -4.784513950000107, 9.74183941 ], [ -4.781280040000052, 9.738406179999892 ], [ -4.776824, 9.73621559 ], [ -4.771039960000106, 9.736820220000027 ], [ -4.771160130000101, 9.73764038000003 ], [ -4.771770480000065, 9.741950989999914 ], [ -4.772728920000052, 9.748730659999978 ], [ -4.772451880000045, 9.749845499999942 ], [ -4.771463870000098, 9.753817559999966 ], [ -4.758725170000094, 9.753195760000033 ], [ -4.749420170000068, 9.752739909999974 ], [ -4.745699880000092, 9.751611709999885 ], [ -4.741010190000111, 9.750186920000033 ], [ -4.737690450000059, 9.747047419999973 ], [ -4.738450530000065, 9.741910929999975 ], [ -4.738680840000114, 9.740357400000043 ], [ -4.736941810000111, 9.735570909999957 ], [ -4.735991480000084, 9.734990119999949 ], [ -4.72753, 9.729820249999939 ], [ -4.724789140000102, 9.722071649999904 ], [ -4.720468040000064, 9.715970039999988 ], [ -4.712289810000097, 9.694330219999891 ], [ -4.70796013000006, 9.687990189999958 ], [ -4.702723030000083, 9.687688829999892 ], [ -4.702392100000058, 9.687669749999912 ], [ -4.701744560000037, 9.68754292 ], [ -4.699590210000043, 9.687120440000029 ], [ -4.696104050000077, 9.686440469999987 ], [ -4.694956300000058, 9.68049812000001 ], [ -4.694512840000048, 9.678202629999973 ], [ -4.692399980000111, 9.677105899999916 ], [ -4.685697080000089, 9.677725789999954 ], [ -4.683126930000064, 9.678817749999979 ], [ -4.682251450000102, 9.679189679999929 ], [ -4.678195000000112, 9.68365192000001 ], [ -4.676190850000111, 9.687602999999896 ], [ -4.674654960000041, 9.69063090999996 ], [ -4.66880417000009, 9.68824196 ], [ -4.665802960000104, 9.688773159999904 ], [ -4.659070010000082, 9.697670939999988 ], [ -4.659356120000041, 9.701293949999908 ], [ -4.659739970000093, 9.706158639999984 ], [ -4.658541680000067, 9.70856667 ], [ -4.657309060000042, 9.711043360000026 ], [ -4.652791265000072, 9.71411180499998 ], [ -4.648579120000079, 9.714238169999952 ], [ -4.644474980000052, 9.707439419999908 ], [ -4.642764570000107, 9.707251549999903 ], [ -4.635878090000084, 9.70649432999987 ], [ -4.631610390000112, 9.702248570000023 ], [ -4.631364820000044, 9.702004429999896 ], [ -4.629906650000098, 9.701817509999884 ], [ -4.628343110000049, 9.701616289999933 ], [ -4.6280775100001, 9.701841349999903 ], [ -4.62584019000008, 9.703740119999892 ], [ -4.622980590000086, 9.710018160000018 ], [ -4.619050030000121, 9.713210109999977 ], [ -4.61975098000012, 9.719979289999976 ], [ -4.617724900000081, 9.722555160000034 ], [ -4.614705090000065, 9.722167019999979 ], [ -4.61321115000009, 9.71920776 ], [ -4.612757210000101, 9.71830750000003 ], [ -4.611959930000037, 9.717770580000014 ], [ -4.609457970000058, 9.716083529999963 ], [ -4.603180890000097, 9.715313909999878 ], [ -4.600512500000114, 9.711236 ], [ -4.599329950000058, 9.709428790000018 ], [ -4.598510740000044, 9.708816529999893 ], [ -4.593667980000099, 9.705195429999954 ], [ -4.592422960000114, 9.703292850000011 ], [ -4.591785670000053, 9.702319144999912 ], [ -4.591249470000097, 9.69969559 ], [ -4.590718750000061, 9.696942330000013 ], [ -4.590538980000108, 9.696010589999922 ], [ -4.590122220000087, 9.693992134999981 ], [ -4.584588050000043, 9.690432549999983 ], [ -4.583024500000082, 9.689427379999948 ], [ -4.580502030000094, 9.687805179999927 ], [ -4.570991040000077, 9.687339779999881 ], [ -4.564814090000052, 9.690702440000017 ], [ -4.556240080000112, 9.700330729999969 ], [ -4.54752016000009, 9.713633540000018 ], [ -4.546975140000114, 9.715144159999952 ], [ -4.545345780000037, 9.719659809999925 ], [ -4.546245570000057, 9.721348759999955 ], [ -4.547039990000062, 9.72284031 ], [ -4.55474281000004, 9.724957470000028 ], [ -4.558378700000048, 9.732851029999978 ], [ -4.560608860000098, 9.737692829999929 ], [ -4.560475830000104, 9.73797320999995 ], [ -4.559287070000067, 9.740482329999899 ], [ -4.552451130000051, 9.745469090000036 ], [ -4.525832180000094, 9.745906830000017 ], [ -4.522706745000043, 9.745958330000015 ], [ -4.519320960000034, 9.74601363999988 ], [ -4.509500030000041, 9.74233532 ], [ -4.506775860000062, 9.739757539999879 ], [ -4.505350110000045, 9.733469959999937 ], [ -4.50658131000004, 9.725051879999931 ], [ -4.507340910000096, 9.719859119999981 ], [ -4.509194370000063, 9.716506959999911 ], [ -4.509787080000077, 9.715435030000037 ], [ -4.522058010000102, 9.70526505000003 ], [ -4.522516730000042, 9.69883250999991 ], [ -4.523272990000088, 9.68822575 ], [ -4.522197250000076, 9.684347149999979 ], [ -4.521245960000059, 9.68091869 ], [ -4.521780010000104, 9.674010280000019 ], [ -4.5202803600001, 9.671206469999937 ], [ -4.519351960000112, 9.669470789999941 ], [ -4.518874170000103, 9.659137729999941 ], [ -4.514164920000102, 9.656026839999939 ], [ -4.510520940000045, 9.648988719999892 ], [ -4.50791979000012, 9.64674759 ], [ -4.507348060000066, 9.646845819999868 ], [ -4.502515320000061, 9.647666930000042 ], [ -4.50007296000004, 9.64808178 ], [ -4.493433950000064, 9.651454929999936 ], [ -4.475834850000076, 9.651860239999898 ], [ -4.474501610000075, 9.652017590000035 ], [ -4.466132160000097, 9.65300465 ], [ -4.459262370000122, 9.655035020000035 ], [ -4.450943950000102, 9.657494539999966 ], [ -4.440286160000056, 9.66141700999988 ], [ -4.437623020000064, 9.66239738 ], [ -4.43613958000007, 9.662350650000036 ], [ -4.433446880000119, 9.66226482000004 ], [ -4.42781305000009, 9.659176829999893 ], [ -4.426403050000044, 9.65788268999993 ], [ -4.424633980000042, 9.656258580000021 ], [ -4.422798160000113, 9.654574390000022 ], [ -4.420235160000058, 9.65222263000004 ], [ -4.417085170000107, 9.64632034 ], [ -4.410679820000102, 9.620030399999912 ], [ -4.406957150000107, 9.612028119999934 ], [ -4.404334070000054, 9.60638905 ], [ -4.394643310000085, 9.597209929999913 ], [ -4.394382950000036, 9.59696293 ], [ -4.392977240000079, 9.596272469999974 ], [ -4.389461990000104, 9.594547269999872 ], [ -4.380186080000087, 9.594067569999972 ], [ -4.376157280000076, 9.59591866 ], [ -4.374915120000061, 9.596488950000037 ], [ -4.371354100000119, 9.60277462 ], [ -4.371494770000123, 9.603493689999894 ], [ -4.371636870000067, 9.604220389999981 ], [ -4.372740750000098, 9.609863279999963 ], [ -4.373189930000049, 9.612159729999988 ], [ -4.370800970000094, 9.618877409999904 ], [ -4.370226380000069, 9.619514469999942 ], [ -4.367414, 9.622632980000041 ], [ -4.362301350000092, 9.62560272 ], [ -4.361241820000089, 9.62621784 ], [ -4.350810050000092, 9.62599659 ], [ -4.349657540000035, 9.625048639999896 ], [ -4.349087240000099, 9.624579429999891 ], [ -4.336551190000076, 9.614276890000014 ], [ -4.31869411000006, 9.59960365 ], [ -4.311369900000056, 9.60861969 ], [ -4.305072780000035, 9.616378780000019 ], [ -4.3038229900001, 9.617918969999913 ], [ -4.30044603000011, 9.622078900000027 ], [ -4.295083050000109, 9.630935669999914 ], [ -4.290851120000077, 9.637924189999943 ], [ -4.289499760000087, 9.645862579999871 ], [ -4.288808820000117, 9.64992141999997 ], [ -4.289628980000121, 9.655418399999959 ], [ -4.287248130000037, 9.662596699999881 ], [ -4.287951950000096, 9.664680479999987 ], [ -4.289483070000038, 9.669214249999946 ], [ -4.286578180000117, 9.672715189999892 ], [ -4.283846860000079, 9.676006319999971 ], [ -4.280090810000075, 9.68390845999992 ], [ -4.281517980000121, 9.686295509999987 ], [ -4.284428120000122, 9.691164019999931 ], [ -4.283329490000082, 9.692882540000014 ], [ -4.279508110000091, 9.698859209999988 ], [ -4.275143150000066, 9.700569149999978 ], [ -4.275290490000089, 9.70343018 ], [ -4.275505070000079, 9.707598690000026 ], [ -4.275557990000106, 9.708601949999903 ], [ -4.274694440000065, 9.709588049999873 ], [ -4.271040920000107, 9.713760380000032 ], [ -4.270020010000103, 9.719760889999939 ], [ -4.271297930000056, 9.725017550000025 ], [ -4.267314430000063, 9.731162069999939 ], [ -4.265703200000065, 9.73364734999987 ], [ -4.265522960000073, 9.735951419999907 ], [ -4.265808110000041, 9.73618221 ], [ -4.267177100000069, 9.737292289999921 ], [ -4.276679040000047, 9.73731041 ], [ -4.277453420000082, 9.739109040000045 ], [ -4.277658940000034, 9.73958682999988 ], [ -4.275542260000048, 9.745200159999897 ], [ -4.271103860000075, 9.756972309999952 ], [ -4.268815990000046, 9.75817299 ], [ -4.264574530000115, 9.75525761 ], [ -4.263636110000096, 9.754612919999957 ], [ -4.258786200000092, 9.756114959999984 ], [ -4.254347800000119, 9.754259109999907 ], [ -4.252425190000114, 9.75345516 ], [ -4.249040600000114, 9.753355979999874 ], [ -4.245934010000113, 9.75326443000003 ], [ -4.235301020000076, 9.754444119999938 ], [ -4.231705190000095, 9.75889969 ], [ -4.227658510000115, 9.761953354999974 ], [ -4.220201970000087, 9.762400629999945 ], [ -4.209064010000102, 9.761985779999904 ], [ -4.187161450000115, 9.772187229999936 ], [ -4.180419920000094, 9.77532768 ], [ -4.177673820000077, 9.778097149999894 ], [ -4.173180100000057, 9.782629970000045 ], [ -4.17065001000006, 9.788678169999983 ], [ -4.169016840000111, 9.79258250999991 ], [ -4.167057040000049, 9.797260279999975 ], [ -4.16432858000007, 9.799103739999914 ], [ -4.161460400000077, 9.801041599999934 ], [ -4.154133320000103, 9.80599213 ], [ -4.145171170000111, 9.812047 ], [ -4.140799050000115, 9.8227272 ], [ -4.138803480000114, 9.825240139999913 ], [ -4.135402200000065, 9.829524039999981 ], [ -4.13147259000009, 9.831331250000027 ], [ -4.13012791000012, 9.831949229999914 ], [ -4.128347870000098, 9.831871029999924 ], [ -4.123395920000089, 9.831651689999894 ], [ -4.109220030000099, 9.820960999999883 ], [ -4.106524470000089, 9.819866179999977 ], [ -4.092123990000079, 9.814016339999931 ], [ -4.083204750000085, 9.807560919999958 ], [ -4.078907010000115, 9.804450989999943 ], [ -4.066315170000095, 9.801533699999887 ], [ -4.065288070000111, 9.800644869999971 ], [ -4.063473220000052, 9.799074169999955 ], [ -4.054233070000063, 9.80044365000002 ], [ -4.048686980000099, 9.801029209999889 ], [ -4.042901520000047, 9.801639560000027 ], [ -4.044427870000039, 9.817435260000018 ], [ -4.044519900000104, 9.818389890000041 ], [ -4.035614970000051, 9.830647470000031 ], [ -4.032878160000092, 9.832585334999962 ], [ -4.030593870000093, 9.834202770000033 ], [ -4.017138, 9.83380413 ], [ -4.013161660000058, 9.83506966 ], [ -4.00861883000006, 9.836516379999878 ], [ -4.000161170000066, 9.831409449999924 ], [ -3.998863940000113, 9.831011769999883 ], [ -3.993159060000067, 9.829263690000019 ], [ -3.987600090000104, 9.829612729999944 ], [ -3.980952020000089, 9.832969669999969 ], [ -3.978963850000078, 9.834945679999947 ], [ -3.975279090000111, 9.83860779 ], [ -3.974077940000114, 9.84100628000003 ], [ -3.97283602000012, 9.84348774 ], [ -3.976886030000109, 9.84845923999994 ], [ -3.978127960000105, 9.852337840000047 ], [ -3.974317070000094, 9.861365319999933 ], [ -3.973720070000081, 9.862779619999891 ], [ -3.97418499000009, 9.86509608999998 ], [ -3.974499940000037, 9.866668699999977 ], [ -3.972939010000115, 9.86946106 ], [ -3.968997960000081, 9.869544980000022 ], [ -3.964345095000038, 9.873321535000031 ], [ -3.961894040000097, 9.873373990000019 ], [ -3.96160674000004, 9.87313557 ], [ -3.958115100000065, 9.870236400000032 ], [ -3.955409050000075, 9.870182039999882 ], [ -3.952547070000062, 9.870123859999957 ], [ -3.944943900000069, 9.872355460000037 ], [ -3.937037940000071, 9.871373180000028 ], [ -3.928400040000085, 9.879370689999874 ], [ -3.926543950000077, 9.87927817999995 ], [ -3.918652060000088, 9.878887179999928 ], [ -3.917101380000037, 9.880465510000043 ], [ -3.904810910000084, 9.892974849999987 ], [ -3.900415180000088, 9.900576590000043 ], [ -3.891453030000097, 9.89966583 ], [ -3.889465570000056, 9.899463649999973 ], [ -3.882471080000066, 9.89875221 ], [ -3.879616980000083, 9.898241039999888 ], [ -3.873388050000109, 9.897125240000022 ], [ -3.863621230000064, 9.895552639999934 ], [ -3.855926040000096, 9.894312859999943 ], [ -3.842248920000074, 9.892786029999911 ], [ -3.835464000000105, 9.892028809999964 ], [ -3.814033030000058, 9.887927060000045 ], [ -3.809170960000113, 9.888268469999957 ], [ -3.806975600000101, 9.890799520000037 ], [ -3.78862, 9.911959649999964 ], [ -3.777642010000065, 9.918418879999898 ], [ -3.772413970000038, 9.922906879999893 ], [ -3.758475300000047, 9.928868290000025 ], [ -3.751976970000076, 9.9316473 ], [ -3.726870060000081, 9.93911839 ], [ -3.719897990000081, 9.938587189999922 ], [ -3.716712710000053, 9.939099310000017 ], [ -3.71157908000011, 9.939925189999961 ], [ -3.708622930000121, 9.942521099999901 ], [ -3.691421990000038, 9.94084072000004 ], [ -3.688341860000094, 9.940369609999962 ], [ -3.680947070000112, 9.93923855 ], [ -3.673774960000081, 9.940089229999948 ], [ -3.654325010000075, 9.951564789999978 ], [ -3.649054770000109, 9.955291749999972 ], [ -3.648617980000118, 9.955600739999959 ], [ -3.64834642000012, 9.955660820000041 ], [ -3.641695980000087, 9.957135199999911 ], [ -3.637879850000086, 9.955349919999897 ], [ -3.637530570000052, 9.95518684 ], [ -3.632314920000073, 9.952747339999945 ], [ -3.630412100000108, 9.951046940000026 ], [ -3.619766, 9.941534040000029 ], [ -3.608331920000079, 9.928456310000044 ], [ -3.603545900000121, 9.92380333 ], [ -3.59931803000007, 9.91969298999998 ], [ -3.596106290000073, 9.919878010000012 ], [ -3.592834, 9.920066829999918 ], [ -3.579659940000074, 9.92219829999997 ], [ -3.575462100000109, 9.92342567 ], [ -3.568602090000056, 9.925432210000025 ], [ -3.561217070000083, 9.925771709999964 ], [ -3.549371, 9.926316259999986 ], [ -3.535092830000114, 9.925244329999934 ], [ -3.52335, 9.924363139999947 ], [ -3.506968500000035, 9.924721720000036 ], [ -3.503879070000121, 9.924789430000047 ], [ -3.502065180000052, 9.924512859999986 ], [ -3.492008920000039, 9.92298222 ], [ -3.486780410000062, 9.923282619999981 ], [ -3.479036090000115, 9.923727039999896 ], [ -3.469789980000076, 9.925075529999916 ], [ -3.463219400000078, 9.92376136999998 ], [ -3.460470910000041, 9.92321205 ], [ -3.433599950000104, 9.91414070000004 ], [ -3.420782090000035, 9.911431309999948 ], [ -3.413160320000102, 9.913660049999969 ], [ -3.404652120000101, 9.916147229999879 ], [ -3.39723802000012, 9.91653728 ], [ -3.366817470000122, 9.904088970000046 ], [ -3.366478680000068, 9.903903010000022 ], [ -3.356722120000072, 9.89855576 ], [ -3.351085660000091, 9.892672539999936 ], [ -3.349601980000077, 9.891123770000043 ], [ -3.345600610000115, 9.890769 ], [ -3.343328000000106, 9.890567779999955 ], [ -3.340367080000078, 9.891958239999894 ], [ -3.334604980000094, 9.894663809999933 ], [ -3.320394990000036, 9.902321819999933 ], [ -3.3166945000001, 9.90173531 ], [ -3.315274, 9.901510239999929 ], [ -3.310724970000095, 9.894942279999974 ], [ -3.310279850000036, 9.890061379999977 ], [ -3.310117960000053, 9.888286590000035 ], [ -3.310709710000076, 9.885397910000037 ], [ -3.311584000000117, 9.881130219999974 ], [ -3.319818020000081, 9.86532402000001 ], [ -3.318526030000118, 9.859148029999886 ], [ -3.314739940000116, 9.855549809999971 ], [ -3.313878770000095, 9.85488033 ], [ -3.311882020000084, 9.853326799999984 ], [ -3.311110020000068, 9.853818889999928 ], [ -3.299926040000095, 9.853349689999924 ], [ -3.296025990000079, 9.853185649999936 ], [ -3.288902040000035, 9.856537819999922 ], [ -3.281157020000119, 9.851627349999966 ], [ -3.279491190000044, 9.85266017999998 ], [ -3.278863910000101, 9.853049280000022 ], [ -3.270051000000112, 9.863141060000046 ], [ -3.264336590000077, 9.869681360000023 ], [ -3.262532, 9.871747019999965 ], [ -3.252650020000086, 9.87629795 ], [ -3.252066610000043, 9.87738037000004 ], [ -3.248394970000096, 9.884193419999939 ], [ -3.243953940000083, 9.889854429999907 ], [ -3.240766050000104, 9.89391803999996 ], [ -3.240114210000083, 9.89474963999993 ], [ -3.239795920000038, 9.895155909999886 ], [ -3.238240960000077, 9.89605141 ], [ -3.235666040000101, 9.897533420000045 ], [ -3.226773020000056, 9.898853299999921 ], [ -3.225095510000081, 9.899099824999979 ], [ -3.216167930000108, 9.908700939999989 ], [ -3.21543336000008, 9.913539889999974 ], [ -3.21431303000011, 9.920919420000025 ], [ -3.209663150000047, 9.92425537 ], [ -3.209424020000068, 9.924427029999904 ], [ -3.20531058000007, 9.92463779000002 ], [ -3.204679970000118, 9.924670220000039 ], [ -3.204051970000116, 9.924702639999971 ], [ -3.20126390000009, 9.92735957999998 ], [ -3.198716160000053, 9.927412989999873 ], [ -3.198384880000088, 9.927419664999888 ], [ -3.195469620000107, 9.927478789999896 ], [ -3.192420010000113, 9.914899829999968 ], [ -3.19271922000009, 9.91194725 ], [ -3.194334030000118, 9.896011349999966 ], [ -3.193780660000073, 9.889779089999891 ], [ -3.193417070000098, 9.885685919999887 ], [ -3.193887950000068, 9.877588270000011 ], [ -3.194433930000034, 9.868195529999923 ], [ -3.194422960000104, 9.85670185 ], [ -3.193732020000045, 9.85488892 ], [ -3.19294596000011, 9.852826120000032 ], [ -3.186980010000045, 9.844900129999978 ], [ -3.184154990000071, 9.842894550000032 ], [ -3.165133, 9.842370989999878 ], [ -3.164541010000082, 9.842523569999983 ], [ -3.145882485000012, 9.8473382 ], [ -3.144675730000085, 9.84747887 ], [ -3.137202980000048, 9.848233219999976 ], [ -3.128952260000123, 9.845643039999985 ], [ -3.128021480000115, 9.84535027 ], [ -3.125530960000106, 9.844568249999874 ], [ -3.123770710000034, 9.842814449999892 ], [ -3.120558020000047, 9.839612960000032 ], [ -3.115108970000119, 9.822943689999974 ], [ -3.1080958800001, 9.80929947 ], [ -3.100509880000107, 9.80117989 ], [ -3.094959970000094, 9.79094982 ], [ -3.09483576000012, 9.787148479999985 ], [ -3.094314100000123, 9.771194460000039 ], [ -3.091551070000037, 9.76113796 ], [ -3.087779050000044, 9.757998469999947 ], [ -3.086812260000077, 9.756364819999959 ], [ -3.079849960000086, 9.744599340000015 ], [ -3.07954407000009, 9.74412155 ], [ -3.07727695000009, 9.74057961000004 ], [ -3.07256651000008, 9.73322296000002 ], [ -3.066194060000043, 9.72327041999997 ], [ -3.060090070000104, 9.719489099999919 ], [ -3.04825497000008, 9.718810079999869 ], [ -3.044449330000059, 9.721603389999977 ], [ -3.042778020000064, 9.72282981999993 ], [ -3.022800925000052, 9.73888206499992 ], [ -3.018693920000054, 9.74218082 ], [ -3.017246960000058, 9.743343350000011 ], [ -3.012835030000055, 9.742971419999968 ], [ -3.006691930000077, 9.737351420000017 ], [ -2.995203020000098, 9.71965313 ], [ -2.984721900000103, 9.694582940000018 ], [ -2.983682870000109, 9.69131373999997 ], [ -2.977535010000093, 9.671972269999884 ], [ -2.971868280000095, 9.65941429 ], [ -2.969214680000093, 9.65353394 ], [ -2.967892170000091, 9.65060329 ], [ -2.966125970000061, 9.646689409999894 ], [ -2.965887550000051, 9.64627838 ], [ -2.951240060000121, 9.621020319999928 ], [ -2.943340060000082, 9.608530039999962 ], [ -2.942409040000054, 9.60855198 ], [ -2.925487040000046, 9.573726649999969 ], [ -2.922433610000091, 9.568052289999869 ], [ -2.910804990000099, 9.54644108 ], [ -2.907433030000078, 9.541007999999891 ], [ -2.901225090000064, 9.531004910000014 ], [ -2.87881088000011, 9.502803799999981 ], [ -2.868674990000081, 9.490051269999988 ], [ -2.847218990000094, 9.470937730000017 ], [ -2.839153050000093, 9.461215019999891 ], [ -2.812664990000041, 9.433238979999913 ], [ -2.804984570000052, 9.425537109999922 ], [ -2.798727990000099, 9.419262889999935 ], [ -2.787198070000102, 9.40983485999994 ], [ -2.771070960000049, 9.402104379999983 ], [ -2.765879150000089, 9.401448249999873 ], [ -2.76318002000005, 9.401107789999948 ], [ -2.753396030000093, 9.409569739999945 ], [ -2.739043470000052, 9.431674 ], [ -2.735869880000102, 9.436561579999932 ], [ -2.734544750000062, 9.43745327 ], [ -2.731300120000096, 9.43963622999987 ], [ -2.724808930000094, 9.451021189999949 ], [ -2.707216020000086, 9.474797249999966 ], [ -2.69994855000007, 9.481759069999917 ], [ -2.69766903000011, 9.483942990000045 ], [ -2.691003320000057, 9.488117220000014 ], [ -2.689924000000104, 9.48879337 ], [ -2.689347979999962, 9.478334429999975 ], [ -2.690191030000083, 9.468300819999975 ], [ -2.692425010000093, 9.441744799999981 ], [ -2.691478969999977, 9.427053449999974 ], [ -2.682513, 9.401960369999884 ], [ -2.679565910000075, 9.393705369999871 ], [ -2.678854940000047, 9.379241939999893 ], [ -2.680121899999982, 9.372098919999956 ], [ -2.684118989999945, 9.362148279999893 ], [ -2.694535019999972, 9.348878860000028 ], [ -2.703588010000018, 9.33700943 ], [ -2.718739989999946, 9.329859730000052 ], [ -2.721184970000095, 9.324074749999951 ], [ -2.722317930000045, 9.30935192 ], [ -2.720978020000025, 9.298804280000013 ], [ -2.718782900000122, 9.292176249999883 ], [ -2.711724040000046, 9.285403249999924 ], [ -2.69355106, 9.277897829999844 ], [ -2.682652, 9.276471140000019 ], [ -2.676357029999959, 9.273588180000047 ], [ -2.673758980000112, 9.270415309999976 ], [ -2.668795110000094, 9.264295579999889 ], [ -2.665182110000025, 9.255853649999864 ], [ -2.664350030000101, 9.247826579999881 ], [ -2.666044000000106, 9.238608359999844 ], [ -2.66964197, 9.232575419999833 ], [ -2.674665930000014, 9.22858429 ], [ -2.68956208, 9.220744130000121 ], [ -2.701714040000041, 9.214347839999803 ], [ -2.715359930000055, 9.200792309999891 ], [ -2.716156960000099, 9.199647899999881 ], [ -2.719423059999976, 9.194979669999988 ], [ -2.73070002, 9.164922709999964 ], [ -2.73975992, 9.153971670000082 ], [ -2.748409030000115, 9.146013259999826 ], [ -2.769124030000075, 9.140378950000027 ], [ -2.776155949999964, 9.132678029999937 ], [ -2.770201920000087, 9.122670170000021 ], [ -2.765993120000104, 9.106661800000026 ], [ -2.765387060000052, 9.098402019999973 ], [ -2.768996949999952, 9.079961780000019 ], [ -2.77955604, 9.062320710000023 ], [ -2.779664990000047, 9.055429459999871 ], [ -2.777426959999968, 9.046278 ], [ -2.769860980000033, 9.03652763 ], [ -2.760698079999951, 9.028185840000013 ], [ -2.75276899, 9.024184230000031 ], [ -2.752042059999976, 9.023985859999868 ], [ -2.744874, 9.022021290000126 ], [ -2.707382919999951, 9.019208909999954 ], [ -2.704117060000094, 9.01742744 ], [ -2.697376970000015, 9.015240669999891 ], [ -2.682574030000012, 9.014801030000015 ], [ -2.672349930000056, 9.011526110000034 ], [ -2.662077899999954, 9.00549507 ], [ -2.65834498, 9.00348662999982 ], [ -2.656193020000025, 8.99916172 ], [ -2.656594039999987, 8.99570942 ], [ -2.663521050000078, 8.981582639999985 ], [ -2.663599969999947, 8.97690582 ], [ -2.664097069999954, 8.947575570000062 ], [ -2.660432100000026, 8.93592167000002 ], [ -2.655937910000056, 8.929794309999927 ], [ -2.632116080000074, 8.914798739999974 ], [ -2.628101109999964, 8.909584999999886 ], [ -2.62705708, 8.902481079999809 ], [ -2.62807798, 8.867093090000033 ], [ -2.62768602000008, 8.864244460000059 ], [ -2.624253029999984, 8.857670779999893 ], [ -2.622050049999963, 8.851282120000022 ], [ -2.617521050000043, 8.844016080000038 ], [ -2.60952591999995, 8.836588860000127 ], [ -2.603328939999955, 8.826597210000038 ], [ -2.599925990000035, 8.8177042 ], [ -2.601654050000018, 8.811470029999946 ], [ -2.6104691, 8.801427839999938 ], [ -2.615943910000112, 8.797882079999837 ], [ -2.622386929999948, 8.796612739999887 ], [ -2.628946070000065, 8.789366719999954 ], [ -2.629770990000019, 8.784300800000018 ], [ -2.626188039999949, 8.778167719999985 ], [ -2.619225980000067, 8.776229859999958 ], [ -2.60276102999995, 8.784807210000089 ], [ -2.597006080000114, 8.785835269999971 ], [ -2.59098697, 8.785028459999921 ], [ -2.59084796999996, 8.78479767000001 ], [ -2.587167020000042, 8.77866936 ], [ -2.582807059999986, 8.752160069999981 ], [ -2.575678109999973, 8.708838459999953 ], [ -2.573441979999963, 8.70061302 ], [ -2.57395290999996, 8.690958979999948 ], [ -2.56712198, 8.659623149999895 ], [ -2.56540393999996, 8.64197254 ], [ -2.562616109999954, 8.628933909999958 ], [ -2.562119960000114, 8.61493778 ], [ -2.54897593999997, 8.542392730000088 ], [ -2.546410080000033, 8.528660769999881 ], [ -2.542467120000019, 8.515417100000022 ], [ -2.539649959999984, 8.500546459999924 ], [ -2.533049110000057, 8.480922699999923 ], [ -2.524446010000108, 8.44067286999995 ], [ -2.51748991, 8.401770590000012 ], [ -2.51614904, 8.391924859999918 ], [ -2.516448019999956, 8.383195879999946 ], [ -2.51272798, 8.369488720000014 ], [ -2.504457949999988, 8.334056850000067 ], [ -2.501419070000082, 8.30748272 ], [ -2.500062940000053, 8.271929739999983 ], [ -2.500005959999957, 8.256550790000013 ], [ -2.497714039999948, 8.244883540000025 ], [ -2.495965, 8.213009829999962 ], [ -2.49489689, 8.205226900000014 ], [ -2.496696950000082, 8.202899929999951 ], [ -2.508965969999949, 8.19349193999993 ], [ -2.51790190000008, 8.190799710000014 ], [ -2.522908930000028, 8.18800353999994 ], [ -2.548917059999983, 8.173469539999985 ], [ -2.552169080000027, 8.172122960000038 ], [ -2.556461099999968, 8.170345310000037 ], [ -2.575579880000017, 8.169988629999921 ], [ -2.588310960000101, 8.172966 ], [ -2.594105009999975, 8.1746912 ], [ -2.60182691000011, 8.16881084 ], [ -2.60938692, 8.154436109999985 ], [ -2.61918211, 8.148514750000054 ], [ -2.621129039999964, 8.141820909999893 ], [ -2.618148089999966, 8.130628590000029 ], [ -2.60341311, 8.107036589999971 ], [ -2.59151602, 8.087294580000048 ], [ -2.588279960000111, 8.07450485 ], [ -2.588551039999981, 8.064628600000042 ], [ -2.592008110000027, 8.052630420000028 ], [ -2.600106, 8.042380329999965 ], [ -2.60466695, 8.04000092 ], [ -2.631155009999958, 8.039959909999894 ], [ -2.660933970000073, 8.031593319999885 ], [ -2.673052069999976, 8.02700138 ], [ -2.682101960000033, 8.018568039999884 ], [ -2.690155030000035, 7.999999999999837 ], [ -2.699013950000012, 7.99195004 ], [ -2.73271704, 7.948646069999931 ], [ -2.74527097, 7.918054099999956 ], [ -2.74967003, 7.922737119999923 ], [ -2.754296059999955, 7.9276619 ], [ -2.759643079999968, 7.939587119999921 ], [ -2.76680707999995, 7.944612030000016 ], [ -2.78088498, 7.949607849999929 ], [ -2.78218603, 7.929852959999913 ], [ -2.7856071, 7.920882229999926 ], [ -2.79159904, 7.864586829999986 ], [ -2.793096069999962, 7.861472130000024 ], [ -2.798227070000042, 7.850780009999887 ], [ -2.809015990000013, 7.84086180000002 ], [ -2.817059040000075, 7.836007119999884 ], [ -2.830358029999985, 7.820105079999983 ], [ -2.830302950000046, 7.807013989999867 ], [ -2.831661939999957, 7.800806050000027 ], [ -2.835088970000093, 7.793901919999968 ], [ -2.848624939999983, 7.780293939999979 ], [ -2.849694010000064, 7.770454880000088 ], [ -2.850621940000014, 7.761909959999976 ], [ -2.853235960000028, 7.75774097 ], [ -2.86939001, 7.731970789999927 ], [ -2.873254060000058, 7.719319819999903 ], [ -2.882848980000091, 7.699985979999909 ], [ -2.88854002999997, 7.683882240000017 ], [ -2.907084940000054, 7.643918990000131 ], [ -2.92125702, 7.613380910000089 ], [ -2.923466919999967, 7.608613009999942 ], [ -2.931478979999952, 7.521573069999931 ], [ -2.933377029999967, 7.500930790000126 ], [ -2.93354607, 7.499086859999792 ], [ -2.934699060000018, 7.48655891 ], [ -2.940618040000103, 7.470449919999929 ], [ -2.944736, 7.464457990000028 ], [ -2.94928288, 7.44996213999994 ], [ -2.950304030000122, 7.419624809999902 ], [ -2.957047939999985, 7.399522780000119 ], [ -2.958719019999961, 7.394540789999937 ], [ -2.969141009999948, 7.354969980000014 ], [ -2.971520899999952, 7.33300591 ], [ -2.977560040000032, 7.277254099999915 ], [ -2.977364059999982, 7.275258059999963 ], [ -2.976835970000074, 7.269898889999922 ], [ -2.972425939999962, 7.26141595999988 ], [ -2.954354050000024, 7.23505783 ], [ -2.969449040000033, 7.211091040000028 ], [ -3.000032900000043, 7.17003392999996 ], [ -3.00183797, 7.167612079999948 ], [ -3.02715206, 7.138442989999938 ], [ -3.035837890000042, 7.071743970000021 ], [ -3.040198090000118, 7.068503859999893 ], [ -3.051903960000107, 7.06549311 ], [ -3.071141959999984, 7.060543059999887 ], [ -3.076529980000014, 7.05915689000004 ], [ -3.0903120000001, 7.05266094 ], [ -3.093807939999987, 7.046434879999907 ], [ -3.10364199, 7.028925899999912 ], [ -3.132327080000113, 6.97785091 ], [ -3.133929969999954, 6.974997039999849 ], [ -3.142621989999977, 6.962773800000043 ], [ -3.143512960000066, 6.956793789999878 ], [ -3.15541100999997, 6.940417769999925 ], [ -3.19777298, 6.870348929999899 ], [ -3.229418990000049, 6.8180007899998 ], [ -3.23211288000001, 6.774853229999877 ], [ -3.232419970000105, 6.769927980000034 ], [ -3.228235959999953, 6.760980130000071 ], [ -3.22242594, 6.756701950000028 ], [ -3.210227969999973, 6.74772215 ], [ -3.208090070000097, 6.733242989999873 ], [ -3.202311039999955, 6.727519990000104 ], [ -3.19720507, 6.717652799999925 ], [ -3.196959019999973, 6.714437959999941 ], [ -3.201093909999969, 6.71257781999995 ], [ -3.204046960000056, 6.704743859999873 ], [ -3.207493070000083, 6.703812119999959 ], [ -3.218715909999986, 6.692030909999957 ], [ -3.22985411, 6.662318229999819 ], [ -3.236054900000035, 6.659990789999888 ], [ -3.237427949999955, 6.657217979999885 ], [ -3.23970199, 6.652616020000053 ], [ -3.248404029999957, 6.643607139999929 ], [ -3.25267696, 6.622430799999989 ], [ -3.255419020000044, 6.618508819999931 ], [ -3.254920010000056, 6.609539989999924 ], [ -3.243603940000078, 6.600852009999969 ], [ -3.23415207999998, 6.596523759999961 ], [ -3.236258029999966, 6.547819139999966 ], [ -3.236648080000087, 6.538784979999875 ], [ -3.228995079999969, 6.50715923 ], [ -3.227971080000064, 6.502924920000027 ], [ -3.209038970000094, 6.424684050000103 ], [ -3.193509100000075, 6.360487939999977 ], [ -3.190236089999981, 6.348768229999912 ], [ -3.186527969999947, 6.342576029999869 ], [ -3.185761930000069, 6.326015949999963 ], [ -3.180886980000036, 6.31591511 ], [ -3.17696404, 6.312942979999924 ], [ -3.17587303999996, 6.304717059999831 ], [ -3.174582959999977, 6.295008179999961 ], [ -3.17325211, 6.254989149999986 ], [ -3.177345039999985, 6.243461129999794 ], [ -3.167917969999984, 6.24488782999989 ], [ -3.153660060000046, 6.244720940000114 ], [ -3.144397970000018, 6.230957980000092 ], [ -3.14159703, 6.221767899999897 ], [ -3.135252, 6.208834169999918 ], [ -3.126281020000082, 6.190548899999911 ], [ -3.104009509999944, 6.149146555000058 ], [ -3.094105960000043, 6.090909 ], [ -3.09374595000001, 6.08879423000009 ], [ -3.091984030000066, 6.078423979999947 ], [ -3.090992929999953, 6.062551979999952 ], [ -3.087497, 6.05152082 ], [ -3.07923698, 6.003699780000026 ], [ -3.064512009999959, 5.968882080000093 ], [ -3.063210009999967, 5.965803149999893 ], [ -3.06064010000005, 5.956611159999888 ], [ -3.046269890000058, 5.929521079999944 ], [ -3.04555202, 5.92308092 ], [ -3.018393040000117, 5.862218860000119 ], [ -3.018404959999948, 5.85243177 ], [ -3.018445969999966, 5.821487900000044 ], [ -3.021111970000018, 5.800077920000042 ], [ -3.02015305, 5.790647030000081 ], [ -3.022748950000103, 5.753585819999969 ], [ -3.025244950000033, 5.745751859999977 ], [ -3.025389909999948, 5.726624009999981 ], [ -3.025511030000022, 5.711001869999961 ], [ -3.02553892000002, 5.707551959999975 ], [ -3.014966009999981, 5.707594870000065 ], [ -3.010822059999946, 5.705771919999954 ], [ -2.999335050000035, 5.706508160000034 ], [ -2.991072890000051, 5.709304809999878 ], [ -2.98095393, 5.707966800000015 ], [ -2.95682907, 5.708757880000014 ], [ -2.962409020000095, 5.671504970000029 ], [ -2.96755505, 5.637139799999879 ], [ -2.961091040000024, 5.63095187999992 ], [ -2.946835040000067, 5.628252029999913 ], [ -2.939203020000086, 5.617005829999854 ], [ -2.933439020000034, 5.611967089999943 ], [ -2.928384070000028, 5.612217899999912 ], [ -2.920964959999989, 5.61954308 ], [ -2.907596109999982, 5.621467110000033 ], [ -2.90377593, 5.624022009999948 ], [ -2.89677, 5.624025820000085 ], [ -2.89242101, 5.632453920000032 ], [ -2.879106040000107, 5.641565799999888 ], [ -2.873137, 5.642523770000018 ], [ -2.870876070000033, 5.6489801399998 ], [ -2.865375039999979, 5.65108394999988 ], [ -2.861727950000109, 5.655939099999962 ], [ -2.856848, 5.64699315999998 ], [ -2.840723039999965, 5.640186790000101 ], [ -2.824110980000022, 5.62900782 ], [ -2.823143960000035, 5.628938199999929 ], [ -2.812154049999954, 5.628158090000042 ], [ -2.80799508, 5.624040129999941 ], [ -2.802489039999983, 5.619164939999976 ], [ -2.795597079999951, 5.61965179000002 ], [ -2.788948059999946, 5.623590950000079 ], [ -2.78591703999998, 5.612325189999822 ], [ -2.77626705, 5.612594129999955 ], [ -2.77396107000008, 5.61099195 ], [ -2.775068040000011, 5.600627900000099 ], [ -2.768862009999978, 5.600194929999979 ], [ -2.762861009999945, 5.593544959999896 ], [ -2.77074289, 5.553469180000114 ], [ -2.770483019999986, 5.541605949999891 ], [ -2.770462040000027, 5.540579799999989 ], [ -2.760637039999963, 5.496891019999872 ], [ -2.750508069999974, 5.434786799999898 ], [ -2.74367595, 5.41837502 ], [ -2.741230009999956, 5.4124999 ], [ -2.73977399000001, 5.40989685 ], [ -2.731973889999978, 5.39596224 ], [ -2.728708030000032, 5.383087159999896 ], [ -2.726392980000064, 5.379182819999969 ], [ -2.726279019999961, 5.350378989999889 ], [ -2.72626090000006, 5.345955850000024 ], [ -2.72625804, 5.345348829999985 ], [ -2.72783804, 5.337746140000121 ], [ -2.743011949999957, 5.341142179999913 ], [ -2.754940990000026, 5.337183 ], [ -2.764775990000029, 5.346566199999813 ], [ -2.766470910000113, 5.34818506 ], [ -2.769686940000021, 5.348173139999901 ], [ -2.777687070000084, 5.338244919999909 ], [ -2.772373910000031, 5.331130029999905 ], [ -2.778100009999967, 5.326963899999988 ], [ -2.772444959999959, 5.316473009999896 ], [ -2.77191401, 5.315399170000134 ], [ -2.773169990000085, 5.29513502 ], [ -2.775671959999976, 5.290977949999849 ], [ -2.785144090000063, 5.28802013 ], [ -2.78705192, 5.284191129999989 ], [ -2.785137890000083, 5.27590179000007 ], [ -2.782589910000027, 5.272077079999981 ], [ -2.769217970000032, 5.26315689 ], [ -2.77112508, 5.260603899999971 ], [ -2.778764960000096, 5.2618742 ], [ -2.77175688999996, 5.249760150000078 ], [ -2.756484030000067, 5.254874229999913 ], [ -2.75364494, 5.242585179999899 ], [ -2.758697030000118, 5.24256706 ], [ -2.75522399, 5.235445020000114 ], [ -2.763493060000105, 5.235642909999967 ], [ -2.763837831867516, 5.234945069246166 ] ], [ [ -3.084506065472464, 5.6809378290951 ], [ -3.111339227068616, 5.683423271943965 ], [ -3.130558506314923, 5.686287811410928 ], [ -3.142553225795691, 5.697166046628254 ], [ -3.139910726243983, 5.720257810427142 ], [ -3.150050750711447, 5.769490135314037 ], [ -3.14839821047897, 5.811665113406768 ], [ -3.145378152824435, 5.827125195024252 ], [ -3.153382468196281, 5.834370047092563 ], [ -3.157778596050292, 5.845624781236232 ], [ -3.196025597148516, 5.847494410616079 ], [ -3.196039099569742, 5.847498167758765 ], [ -3.196128809641735, 5.847523129566319 ], [ -3.207636269468189, 5.850725146825575 ], [ -3.218851254926363, 5.846325440344387 ], [ -3.230025789103813, 5.84194162465873 ], [ -3.220641451686618, 5.807998278175582 ], [ -3.222641451511659, 5.773498278100597 ], [ -3.222174606242994, 5.762760835122023 ], [ -3.222136149208815, 5.762010924641999 ], [ -3.219121969972832, 5.759280744563185 ], [ -3.214138448800302, 5.754766775618776 ], [ -3.209749506079756, 5.743514143640304 ], [ -3.205361408047441, 5.732260897200192 ], [ -3.203806751150534, 5.701738767607544 ], [ -3.204658705904478, 5.700793068198095 ], [ -3.211041451671598, 5.693798278245509 ], [ -3.222441451956342, 5.693198278230504 ], [ -3.224027511605293, 5.687399247329957 ], [ -3.225656459922593, 5.681515839561875 ], [ -3.234679267179402, 5.671501539641895 ], [ -3.232101489362154, 5.658245782694237 ], [ -3.238977805326343, 5.646672559268772 ], [ -3.239127236677547, 5.646421057563266 ], [ -3.240876329024328, 5.64010934834532 ], [ -3.242351132643556, 5.634787426451126 ], [ -3.252953899447824, 5.619009558821652 ], [ -3.268941451656598, 5.633498278200484 ], [ -3.277541451646609, 5.65219827810558 ], [ -3.300341451766503, 5.650998278300456 ], [ -3.302720471542436, 5.64835492259413 ], [ -3.30754145172159, 5.64299827832545 ], [ -3.312541452071255, 5.629398277985686 ], [ -3.30884145164157, 5.593298277870772 ], [ -3.288841451816499, 5.575098278315423 ], [ -3.277041451746548, 5.568098278365341 ], [ -3.260741451901389, 5.545998278150506 ], [ -3.245541451746497, 5.546698278280459 ], [ -3.238341451566612, 5.554698278255465 ], [ -3.227086815449059, 5.559080614556244 ], [ -3.219521511553452, 5.564704051928004 ], [ -3.216086002412016, 5.567257732635788 ], [ -3.201066885373343, 5.571826692425404 ], [ -3.190040291471213, 5.580023277005182 ], [ -3.177926654636348, 5.583708648387919 ], [ -3.175018587307893, 5.58459337893381 ], [ -3.163990226912411, 5.592791575548269 ], [ -3.163947608040601, 5.59279368895514 ], [ -3.163941451506652, 5.592798278195509 ], [ -3.14114145206133, 5.593998277775832 ], [ -3.119241452076299, 5.614198278280476 ], [ -3.115910388623405, 5.61727076551098 ], [ -3.097341452091268, 5.634398278110552 ], [ -3.082741451726495, 5.646598277965708 ], [ -3.076399183320571, 5.653645242986116 ], [ -3.075543884887338, 5.654595574803444 ], [ -3.068511213466657, 5.666424689300527 ], [ -3.084506065472464, 5.6809378290951 ] ], [ [ -7.720409476061413, 8.138996327995692 ], [ -7.698168409089728, 8.140727067652527 ], [ -7.687647165828931, 8.148972888540492 ], [ -7.68813140488534, 8.155296485222159 ], [ -7.689341451691561, 8.1710982784153 ], [ -7.661741452351084, 8.199298277770872 ], [ -7.650641452186196, 8.200198277905734 ], [ -7.633541452321118, 8.220098278290429 ], [ -7.633593708327929, 8.220142695806317 ], [ -7.64154145184644, 8.22689827801063 ], [ -7.641545714408121, 8.226950844058763 ], [ -7.643540638234786, 8.251554912082078 ], [ -7.643641452236199, 8.252798278095604 ], [ -7.651641452436003, 8.259598277815805 ], [ -7.666741451801467, 8.262098277990681 ], [ -7.681341452391038, 8.257298277870724 ], [ -7.691241452076319, 8.241598277815775 ], [ -7.704641452186195, 8.221998277775818 ], [ -7.731641451736554, 8.186398278235451 ], [ -7.741541452321115, 8.170698278180495 ], [ -7.748041451696569, 8.15909827811555 ], [ -7.754316417313728, 8.143759473898101 ], [ -7.742354068930052, 8.133569669257412 ], [ -7.720409476061413, 8.138996327995692 ] ], [ [ -7.890741452001354, 8.218498278250507 ], [ -7.890741360270464, 8.218498349971448 ], [ -7.890770513593242, 8.218546471120291 ], [ -7.880313633911978, 8.226759633128118 ], [ -7.896241452026281, 8.240298278120591 ], [ -7.90824145232612, 8.25049827815053 ], [ -7.924241451826447, 8.264098278265493 ], [ -7.930136992573061, 8.245112639289431 ], [ -7.920169360272716, 8.236647371456584 ], [ -7.904767118552641, 8.23043911732394 ], [ -7.890770513593242, 8.218546471120291 ], [ -7.890777594180559, 8.218528999091575 ], [ -7.890741452001354, 8.218498278250507 ], [ -7.896941451931433, 8.203098278315409 ], [ -7.948441451756555, 8.195298278345405 ], [ -7.951028657391529, 8.180372091851062 ], [ -7.931049151542041, 8.163384451483779 ], [ -7.882928982031828, 8.167166930761745 ], [ -7.872706645540145, 8.179112890799807 ], [ -7.873886202631081, 8.193854890743168 ], [ -7.882141452011343, 8.204298278120625 ], [ -7.890741452001354, 8.218498278250507 ] ], [ [ -7.992641452186216, 8.280898278010625 ], [ -7.992617003217056, 8.280927041927029 ], [ -7.992664284174339, 8.281004931984548 ], [ -7.985862212416134, 8.288970666440598 ], [ -7.985161531724266, 8.326109433655937 ], [ -7.996841452515962, 8.332598278065639 ], [ -8.011341452091308, 8.327698277830827 ], [ -8.028638326142762, 8.311501205393867 ], [ -8.008063102175328, 8.287199033261324 ], [ -7.992664284174339, 8.281004931984548 ], [ -7.992704652942312, 8.280923722529295 ], [ -7.992641452186216, 8.280898278010625 ], [ -8.002241452426034, 8.261598278315418 ], [ -8.005041452046285, 8.250298277920727 ], [ -8.007841451891423, 8.238898278310465 ], [ -8.01062494872729, 8.227565471546782 ], [ -8.00362901011567, 8.221625358376102 ], [ -8.002677555269827, 8.220828514301999 ], [ -7.991590830897049, 8.221707684339663 ], [ -7.9850839660971, 8.233358072969217 ], [ -7.978279400518812, 8.241321457271951 ], [ -7.984067273530787, 8.266840613581039 ], [ -7.992641452186216, 8.280898278010625 ] ], [ [ -8.138488090397949, 8.243399666413971 ], [ -8.132294865060935, 8.258724632313459 ], [ -8.13268374540344, 8.258940216670226 ], [ -8.143941452481013, 8.265098277840821 ], [ -8.155341452091275, 8.267898278135554 ], [ -8.166741451701537, 8.270698277980692 ], [ -8.178441451881429, 8.277198278255511 ], [ -8.189841452166174, 8.279998277875762 ], [ -8.211941452381094, 8.278198278280435 ], [ -8.203346350998203, 8.264106310110641 ], [ -8.175740006041337, 8.244127809927988 ], [ -8.14957486243491, 8.242513677042147 ], [ -8.138488090397949, 8.243399666413971 ] ], [ [ -8.166912439802193, 8.363451613353774 ], [ -8.156791194303064, 8.375329644225282 ], [ -8.172441451956352, 8.385198278255508 ], [ -8.184141451911447, 8.3915982781905 ], [ -8.206241452126278, 8.389798278145577 ], [ -8.212422759647581, 8.374544406576597 ], [ -8.196477452417433, 8.361058836648468 ], [ -8.166912439802193, 8.363451613353774 ] ] ] } },
{ "type": "Feature", "properties": { "CdIGLG": "Precambrian Basement", "CdIHGComb": "B-L", "label_fr": "Socle précambrien", "description": "Roches métamorphiques et sédimentaires anciennes du Précambrien. Constituent le cœur archéen du craton ouest-africain.", "age": "Précambrien (> 2500 Ma)", "lithologie": "Gneiss, schistes, quartzites, migmatites", "interet_minier": "Or, manganèse, fer, bauxite", "color": "#8B5E3C", "aquifere": "Aquifère du socle", "aquifere_productivite": "Faible", "aquifere_desc": "Aquifères d'altération et de fissures dans le socle précambrien." }, "geometry": { "type": "Polygon", "coordinates": [ [ [ -3.15807719520636, 5.646057439199488 ], [ -3.180561857943381, 5.619514578534989 ], [ -3.197441451961375, 5.632998277648412 ], [ -3.193541451976373, 5.656598277788312 ], [ -3.181848136682103, 5.667409079365548 ], [ -3.177702566919876, 5.671223552924694 ], [ -3.158800536115841, 5.667176488604142 ], [ -3.15807719520636, 5.646057439199488 ] ] ] } }
]
}
